"PID","DAY","ANX1","ANX2","ANX3","RUM1","RUM2","RUM3","LON1","LON2","LON3","LON4","LON5","LON6"
"DISS-3001",1,1,1,1,1,1,1,1,1,1,1,1,1
"DISS-3001",2,1,2,1,1,1,2,1,2,3,1,2,2
"DISS-3001",3,1,1,1,1,1,1,1,1,1,1,1,1
"DISS-3001",4,1,1,1,1,1,1,1,1,1,1,1,1
"DISS-3001",5,1,2,1,1,1,1,1,1,1,1,1,1
"DISS-3001",6,1,1,1,1,1,1,1,1,1,1,1,1
"DISS-3001",7,1,1,1,2,2,2,1,1,1,1,1,1
"DISS-3002",1,1,1,1,2,2,2,1,1,1,1,1,1
"DISS-3002",2,1,1,1,1,1,1,1,1,1,1,1,1
"DISS-3002",3,1,1,1,1,1,1,1,1,1,1,1,1
"DISS-3002",4,1,1,1,1,1,1,1,1,1,1,1,1
"DISS-3002",5,1,1,1,1,1,1,1,1,1,1,1,1
"DISS-3002",6,1,1,1,1,1,1,1,1,1,1,1,1
"DISS-3002",7,1,1,1,1,1,1,1,1,1,1,1,1
"DISS-3003",1,1,1,1,2,3,3,1,1,1,1,1,1
"DISS-3003",2,1,1,1,1,1,1,1,1,1,1,1,1
"DISS-3003",3,1,1,1,1,1,1,1,1,1,1,1,1
"DISS-3003",4,1,1,1,1,1,1,1,1,1,1,1,1
"DISS-3003",5,1,1,1,1,1,1,1,1,1,1,1,1
"DISS-3003",6,1,1,1,1,1,1,1,1,1,1,1,1
"DISS-3003",7,1,1,1,1,1,1,1,1,1,1,1,1
"DISS-3004",1,1,1,2,2,2,2,1,1,1,1,1,1
"DISS-3004",2,1,1,2,1,1,1,1,1,1,1,1,1
"DISS-3004",3,1,1,1,1,1,1,1,1,1,1,1,1
"DISS-3004",4,1,1,1,1,1,1,1,1,1,1,1,1
"DISS-3004",5,1,1,1,1,1,1,1,1,1,1,1,1
"DISS-3004",6,1,1,1,1,1,1,1,1,1,1,1,1
"DISS-3004",7,1,1,2,1,1,1,1,1,1,1,1,1
"DISS-3005",1,1,1,1,1,1,1,1,1,1,1,1,1
"DISS-3005",2,1,1,1,1,1,1,1,1,1,1,1,1
"DISS-3005",3,1,1,1,1,1,1,2,2,1,1,1,1
"DISS-3005",4,1,1,1,1,1,1,1,1,1,1,1,1
"DISS-3005",5,1,1,1,1,1,1,1,1,1,1,1,1
"DISS-3005",6,1,1,1,1,1,1,1,1,1,1,1,1
"DISS-3005",7,1,1,2,1,1,1,1,1,1,1,1,1
"DISS-3006",1,1,1,1,1,1,1,1,1,1,1,1,1
"DISS-3006",2,1,1,1,1,1,1,1,1,1,1,1,1
"DISS-3006",3,1,1,1,1,1,1,1,1,1,1,1,1
"DISS-3006",4,1,1,1,1,1,1,1,1,1,1,1,1
"DISS-3006",5,1,1,3,1,1,1,1,1,1,1,1,1
"DISS-3006",6,1,1,3,1,1,1,1,1,1,1,1,1
"DISS-3006",7,1,1,3,1,1,1,2,2,1,1,2,1
"DISS-3007",1,1,1,2,1,1,1,1,1,1,1,1,1
"DISS-3007",2,1,1,1,1,1,1,1,1,1,1,1,1
"DISS-3007",3,2,1,2,1,1,1,1,1,1,1,1,1
"DISS-3007",4,1,1,1,1,1,1,1,1,1,1,1,1
"DISS-3007",5,1,2,1,1,1,1,1,1,1,1,1,1
"DISS-3007",6,1,2,1,1,1,1,1,1,1,1,1,1
"DISS-3007",7,1,1,1,1,1,1,1,1,1,1,1,1
"DISS-3008",1,1,1,1,1,1,3,1,1,1,1,1,1
"DISS-3008",2,1,1,1,1,1,1,1,1,1,1,1,1
"DISS-3008",3,1,1,1,1,1,1,1,1,1,1,1,1
"DISS-3008",4,1,1,1,1,1,1,1,1,1,1,1,1
"DISS-3008",5,1,1,1,1,1,1,1,1,1,1,1,1
"DISS-3008",6,1,1,1,1,1,1,1,1,1,5,1,1
"DISS-3008",7,1,1,1,1,2,2,2,1,2,3,3,3
"DISS-3009",1,1,1,1,1,1,1,1,1,1,1,1,1
"DISS-3009",2,1,1,1,2,1,1,1,1,1,1,1,1
"DISS-3009",3,1,1,1,1,1,1,1,1,1,1,1,1
"DISS-3009",4,1,1,1,1,1,1,1,1,1,1,1,1
"DISS-3009",5,1,1,1,1,1,1,1,1,1,1,1,1
"DISS-3009",6,NA,NA,NA,NA,NA,NA,NA,NA,NA,NA,NA,NA
"DISS-3009",7,1,1,1,1,1,1,1,1,1,1,1,1
"DISS-3010",1,1,1,1,2,2,1,1,1,1,1,1,1
"DISS-3010",2,1,1,1,2,2,1,1,1,1,1,1,1
"DISS-3010",3,1,1,1,1,1,1,1,1,1,1,1,1
"DISS-3010",4,1,1,1,1,1,1,1,1,1,1,1,1
"DISS-3010",5,1,1,1,1,1,1,1,1,1,1,1,1
"DISS-3010",6,1,1,1,1,1,1,1,1,1,1,1,1
"DISS-3010",7,1,1,1,1,1,1,1,1,1,1,1,1
"DISS-3011",1,3,1,2,1,2,4,1,1,1,1,1,1
"DISS-3011",2,1,1,2,1,1,1,1,1,1,1,1,1
"DISS-3011",3,1,1,1,1,1,1,1,1,1,1,1,1
"DISS-3011",4,1,1,1,1,1,1,1,1,1,1,1,1
"DISS-3011",5,1,3,1,1,1,1,1,1,3,1,1,1
"DISS-3011",6,1,3,3,1,1,1,1,1,1,5,2,1
"DISS-3011",7,1,1,1,1,1,1,1,1,1,1,1,1
"DISS-3012",1,1,1,1,1,1,1,1,1,1,1,1,1
"DISS-3012",2,1,1,1,1,1,1,1,1,1,1,1,1
"DISS-3012",3,1,1,1,1,1,1,1,1,1,1,1,1
"DISS-3012",4,1,1,3,2,2,2,1,1,1,1,1,1
"DISS-3012",5,1,1,1,2,2,2,1,1,1,1,1,1
"DISS-3012",6,1,1,1,1,1,1,1,1,1,1,1,1
"DISS-3012",7,1,1,1,1,1,1,1,1,1,1,1,1
"DISS-3013",1,1,1,1,1,1,1,1,1,1,1,1,1
"DISS-3013",2,1,1,1,1,1,1,1,1,1,1,1,1
"DISS-3013",3,1,1,1,1,1,1,1,1,1,1,1,1
"DISS-3013",4,3,3,3,1,1,1,1,1,1,1,1,1
"DISS-3013",5,1,1,1,1,1,1,1,1,1,1,1,1
"DISS-3013",6,1,1,1,1,1,1,1,1,1,1,1,1
"DISS-3013",7,1,1,1,1,1,1,1,1,1,1,1,1
"DISS-3014",1,1,1,1,2,2,2,1,1,1,1,1,1
"DISS-3014",2,1,1,1,1,1,1,1,1,1,1,1,1
"DISS-3014",3,1,1,1,1,1,1,1,1,1,1,1,1
"DISS-3014",4,1,1,1,1,1,1,1,1,1,1,1,1
"DISS-3014",5,1,1,2,1,1,1,1,1,1,1,1,1
"DISS-3014",6,1,1,2,1,1,1,1,1,1,1,1,1
"DISS-3014",7,1,1,1,1,1,1,2,1,1,1,1,1
"DISS-3015",1,1,1,1,1,1,1,1,1,1,1,1,1
"DISS-3015",2,1,2,1,3,2,2,1,1,2,1,1,1
"DISS-3015",3,1,1,1,2,2,2,1,1,1,1,1,1
"DISS-3015",4,1,1,2,1,1,1,1,1,1,1,1,1
"DISS-3015",5,1,1,1,1,1,1,1,1,1,1,1,1
"DISS-3015",6,1,1,1,1,1,1,1,1,1,1,1,1
"DISS-3015",7,1,1,1,1,1,2,1,1,1,1,1,1
"DISS-3016",1,1,1,1,1,1,1,1,1,1,1,1,1
"DISS-3016",2,1,1,1,1,1,1,2,1,2,1,1,1
"DISS-3016",3,1,1,1,1,1,1,2,1,2,2,1,1
"DISS-3016",4,1,1,2,1,1,1,2,1,1,1,1,1
"DISS-3016",5,1,1,1,1,1,1,1,1,1,1,1,1
"DISS-3016",6,1,1,1,1,1,1,1,1,1,1,1,1
"DISS-3016",7,1,1,1,1,1,1,1,1,1,1,1,1
"DISS-3017",1,1,1,1,1,1,1,1,1,1,1,1,1
"DISS-3017",2,1,1,1,1,1,1,1,1,1,1,1,1
"DISS-3017",3,1,1,1,3,1,1,1,1,1,1,1,1
"DISS-3017",4,1,1,1,2,1,1,1,1,1,1,1,1
"DISS-3017",5,1,1,1,1,1,1,1,1,1,1,1,1
"DISS-3017",6,1,1,1,1,1,1,1,1,1,1,1,1
"DISS-3017",7,1,1,1,1,1,1,1,1,1,1,1,1
"DISS-3018",1,1,1,1,1,1,1,2,1,1,1,1,1
"DISS-3018",2,2,1,1,1,1,1,1,1,1,1,1,1
"DISS-3018",3,1,1,2,1,1,1,1,1,1,1,1,1
"DISS-3018",4,1,1,1,1,1,1,2,1,1,1,1,1
"DISS-3018",5,1,1,1,1,1,1,1,1,1,1,1,1
"DISS-3018",6,1,1,1,1,1,1,1,1,1,1,1,1
"DISS-3018",7,1,1,1,1,1,1,1,1,1,1,1,1
"DISS-3019",1,1,1,2,1,1,1,1,1,1,1,1,1
"DISS-3019",2,1,1,1,1,1,1,1,1,1,1,1,1
"DISS-3019",3,1,1,1,1,1,1,1,1,2,1,1,1
"DISS-3019",4,1,3,3,1,1,1,1,1,1,1,1,1
"DISS-3019",5,2,2,3,1,1,1,3,1,1,3,2,2
"DISS-3019",6,1,1,1,1,1,1,1,1,1,1,1,1
"DISS-3019",7,1,1,1,1,1,1,1,1,1,1,1,1
"DISS-3020",1,2,4,4,1,2,2,2,5,5,2,2,3
"DISS-3020",2,1,1,1,1,2,1,1,1,1,1,1,1
"DISS-3020",3,1,1,1,1,1,1,2,1,1,1,1,1
"DISS-3020",4,1,1,1,1,1,1,1,1,1,1,1,1
"DISS-3020",5,1,1,1,1,1,1,1,1,1,1,1,1
"DISS-3020",6,1,1,1,1,1,1,1,1,1,1,1,1
"DISS-3020",7,1,1,1,1,1,1,1,1,1,1,1,1
"DISS-3021",1,1,1,2,1,1,1,1,1,1,1,1,1
"DISS-3021",2,1,1,1,1,1,1,1,1,1,1,1,1
"DISS-3021",3,2,1,1,1,1,1,1,1,1,1,1,1
"DISS-3021",4,2,2,1,2,1,2,1,1,1,1,1,1
"DISS-3021",5,1,1,1,1,1,1,1,1,1,1,1,1
"DISS-3021",6,1,1,1,1,1,1,1,1,1,1,1,1
"DISS-3021",7,1,1,1,1,1,1,1,1,1,1,1,1
"DISS-3022",1,2,2,3,2,2,4,1,1,1,2,1,1
"DISS-3022",2,1,1,1,1,2,2,2,1,1,2,1,1
"DISS-3022",3,1,1,1,1,1,2,1,1,1,1,2,1
"DISS-3022",4,1,1,1,1,1,1,1,1,1,1,1,1
"DISS-3022",5,1,1,1,1,1,1,1,1,1,1,1,1
"DISS-3022",6,1,1,1,1,1,1,1,1,1,1,1,1
"DISS-3022",7,1,2,3,1,1,1,1,2,1,1,2,1
"DISS-3023",1,3,3,3,1,1,1,1,1,1,1,1,1
"DISS-3023",2,2,1,2,1,1,1,1,1,1,1,1,1
"DISS-3023",3,2,1,2,1,4,4,1,1,1,1,1,1
"DISS-3023",4,1,1,1,1,1,1,1,1,1,1,1,1
"DISS-3023",5,1,1,1,1,4,4,1,1,1,1,1,1
"DISS-3023",6,1,1,1,1,1,1,1,1,1,1,1,1
"DISS-3023",7,1,1,1,1,1,1,1,1,1,1,1,1
"DISS-3024",1,1,1,1,1,1,1,1,1,1,1,1,1
"DISS-3024",2,1,1,1,1,1,1,1,1,1,1,1,1
"DISS-3024",3,1,1,1,5,2,4,1,5,2,1,4,4
"DISS-3024",4,1,1,1,1,1,1,1,1,1,1,1,1
"DISS-3024",5,1,1,2,1,1,1,1,1,1,1,1,1
"DISS-3024",6,1,1,1,1,1,1,1,1,1,1,1,1
"DISS-3024",7,1,1,1,1,1,1,1,1,2,1,1,1
"DISS-3025",1,1,1,1,2,2,2,1,1,1,1,1,1
"DISS-3025",2,1,2,1,2,1,3,1,1,4,1,1,1
"DISS-3025",3,1,1,1,1,1,1,1,1,1,1,1,1
"DISS-3025",4,1,2,1,3,1,2,1,1,2,1,1,1
"DISS-3025",5,1,1,1,1,1,1,1,1,1,1,1,1
"DISS-3025",6,1,1,1,1,1,1,1,1,1,1,1,1
"DISS-3025",7,1,1,1,1,1,1,1,1,1,1,1,1
"DISS-3026",1,1,1,1,1,1,1,1,1,1,1,1,1
"DISS-3026",2,1,1,1,1,1,1,1,1,1,1,1,1
"DISS-3026",3,1,1,1,1,1,1,2,1,1,1,1,1
"DISS-3026",4,1,1,1,1,1,1,2,1,1,1,1,1
"DISS-3026",5,1,1,1,1,1,1,1,1,1,1,1,1
"DISS-3026",6,1,1,1,1,1,1,2,1,1,1,1,1
"DISS-3026",7,1,1,1,1,1,1,2,1,1,1,1,1
"DISS-3027",1,1,1,1,1,1,1,1,1,1,1,1,1
"DISS-3027",2,1,1,2,1,1,1,1,1,1,1,1,1
"DISS-3027",3,2,1,1,1,1,1,1,1,1,1,1,1
"DISS-3027",4,2,1,2,1,1,1,2,1,1,1,1,1
"DISS-3027",5,1,1,1,1,1,1,1,1,1,1,1,1
"DISS-3027",6,1,1,1,1,1,1,1,1,1,1,1,1
"DISS-3027",7,1,1,1,1,1,1,2,1,1,1,1,1
"DISS-3028",1,1,1,1,3,2,3,1,1,1,1,1,1
"DISS-3028",2,1,1,1,1,2,1,1,1,1,1,1,1
"DISS-3028",3,1,1,1,2,2,2,1,1,1,1,1,1
"DISS-3028",4,1,1,1,1,2,2,1,1,1,1,1,1
"DISS-3028",5,1,1,1,2,2,2,1,1,1,1,1,1
"DISS-3028",6,NA,NA,NA,NA,NA,NA,NA,NA,NA,NA,NA,NA
"DISS-3028",7,1,1,1,1,1,1,1,2,1,1,2,2
"DISS-3029",1,1,2,1,2,2,2,2,1,1,1,1,2
"DISS-3029",2,1,1,1,1,1,1,1,1,1,1,1,1
"DISS-3029",3,1,1,1,1,1,1,1,1,1,1,1,1
"DISS-3029",4,1,1,1,1,1,1,1,1,1,1,1,1
"DISS-3029",5,1,1,1,1,1,1,2,1,1,2,2,2
"DISS-3029",6,2,1,2,1,1,1,1,1,1,1,1,1
"DISS-3029",7,1,1,1,1,1,1,1,1,1,1,1,1
"DISS-3030",1,1,1,1,1,1,1,1,2,2,2,2,3
"DISS-3030",2,2,2,2,1,1,1,2,2,2,2,2,2
"DISS-3030",3,1,2,1,3,2,1,1,1,1,1,1,1
"DISS-3030",4,1,1,1,1,1,1,1,1,1,1,1,1
"DISS-3030",5,1,1,1,1,1,1,1,1,1,1,1,1
"DISS-3030",6,1,1,1,1,1,1,1,1,1,1,1,1
"DISS-3030",7,1,1,1,1,1,1,1,1,1,1,1,1
"DISS-3031",1,1,1,1,1,2,1,1,1,1,1,1,1
"DISS-3031",2,1,1,1,1,1,1,1,1,1,1,1,1
"DISS-3031",3,2,1,3,1,1,1,1,1,1,1,1,1
"DISS-3031",4,1,1,1,1,1,1,1,1,1,1,1,1
"DISS-3031",5,3,1,3,1,1,1,1,1,1,1,1,1
"DISS-3031",6,3,1,3,1,1,1,1,1,1,1,1,1
"DISS-3031",7,1,1,1,1,1,1,1,1,1,1,1,1
"DISS-3032",1,1,1,1,1,1,1,1,1,1,1,1,2
"DISS-3032",2,1,1,1,1,1,1,1,1,1,1,1,1
"DISS-3032",3,2,1,1,1,1,1,1,1,1,1,1,1
"DISS-3032",4,2,1,1,1,1,1,1,1,1,1,1,1
"DISS-3032",5,2,1,1,1,1,1,1,1,1,1,1,1
"DISS-3032",6,2,1,1,1,1,1,1,1,1,1,1,1
"DISS-3032",7,2,1,1,1,1,1,1,1,1,1,1,1
"DISS-3033",1,2,1,2,4,1,4,1,1,1,1,1,1
"DISS-3033",2,NA,NA,NA,NA,NA,NA,NA,NA,NA,NA,NA,NA
"DISS-3033",3,1,1,1,1,1,1,1,1,1,1,1,1
"DISS-3033",4,1,1,1,1,1,4,1,1,1,1,1,1
"DISS-3033",5,1,1,1,1,1,1,1,1,1,1,1,1
"DISS-3033",6,1,1,1,1,1,1,1,1,1,1,1,1
"DISS-3033",7,1,1,1,1,1,1,1,1,1,1,1,1
"DISS-3034",1,NA,NA,NA,NA,NA,NA,NA,NA,NA,NA,NA,NA
"DISS-3034",2,1,1,2,3,1,2,1,1,1,1,1,1
"DISS-3034",3,2,1,1,1,1,1,1,1,1,1,1,1
"DISS-3034",4,1,1,1,1,1,1,1,1,1,1,1,1
"DISS-3034",5,1,1,1,1,1,1,1,1,1,1,1,1
"DISS-3034",6,1,1,1,1,1,1,1,1,1,1,1,1
"DISS-3034",7,2,2,2,1,1,1,1,1,1,1,1,1
"DISS-3035",1,1,1,1,1,1,1,1,1,1,1,1,1
"DISS-3035",2,1,1,1,1,1,1,1,1,1,1,1,1
"DISS-3035",3,1,1,1,1,1,1,1,1,1,1,1,1
"DISS-3035",4,3,2,2,2,1,2,1,1,1,1,1,1
"DISS-3035",5,2,2,2,1,1,1,1,1,1,1,1,1
"DISS-3035",6,2,2,1,1,1,1,1,2,2,2,2,2
"DISS-3035",7,1,1,1,1,1,1,1,1,1,1,1,1
"DISS-3036",1,2,1,2,2,2,2,1,1,1,1,1,1
"DISS-3036",2,1,1,1,2,2,2,1,1,1,1,1,1
"DISS-3036",3,1,1,1,2,2,2,1,1,1,1,1,1
"DISS-3036",4,1,1,1,2,2,2,1,1,1,1,1,1
"DISS-3036",5,1,1,1,1,1,1,1,1,1,1,1,1
"DISS-3036",6,1,1,1,1,1,1,1,1,1,1,1,1
"DISS-3036",7,1,1,1,1,1,1,1,1,1,1,1,1
"DISS-3037",1,1,1,1,2,2,2,1,1,1,1,1,1
"DISS-3037",2,1,1,2,2,2,3,1,1,1,1,1,1
"DISS-3037",3,1,1,1,1,1,1,1,2,1,1,1,1
"DISS-3037",4,NA,NA,NA,NA,NA,NA,NA,NA,NA,NA,NA,NA
"DISS-3037",5,1,1,1,1,1,2,1,1,2,1,1,2
"DISS-3037",6,1,1,1,2,2,2,1,1,1,1,2,1
"DISS-3037",7,1,1,1,3,2,2,1,1,2,1,1,1
"DISS-3038",1,2,1,1,2,2,2,1,1,1,1,1,1
"DISS-3038",2,1,1,1,1,1,1,1,1,1,1,1,1
"DISS-3038",3,2,1,2,1,1,2,1,1,1,1,1,1
"DISS-3038",4,1,1,1,1,1,1,1,1,1,1,1,1
"DISS-3038",5,1,1,1,1,1,1,1,1,1,1,1,1
"DISS-3038",6,1,1,2,1,1,1,1,1,1,1,1,1
"DISS-3038",7,1,1,1,3,1,1,1,1,1,1,1,1
"DISS-3039",1,1,2,1,1,1,1,1,1,1,1,1,1
"DISS-3039",2,1,1,1,1,1,1,1,1,1,1,1,1
"DISS-3039",3,1,1,2,1,1,1,1,1,1,1,1,1
"DISS-3039",4,3,1,1,1,1,1,1,1,1,1,1,1
"DISS-3039",5,1,3,1,1,1,1,1,1,1,1,1,1
"DISS-3039",6,1,3,1,1,1,1,1,1,1,2,1,1
"DISS-3039",7,1,1,1,4,3,1,1,1,1,1,1,1
"DISS-3040",1,1,1,1,1,1,1,1,1,1,1,1,1
"DISS-3040",2,1,1,1,1,1,1,1,1,1,1,1,1
"DISS-3040",3,1,1,1,1,1,1,1,1,1,1,1,1
"DISS-3040",4,1,1,1,1,1,1,1,1,1,1,1,1
"DISS-3040",5,2,1,2,1,1,1,1,1,1,1,1,1
"DISS-3040",6,1,1,3,1,1,1,1,1,1,1,1,1
"DISS-3040",7,2,1,3,4,5,4,1,1,1,1,1,1
"DISS-3041",1,1,1,1,1,1,1,2,1,1,2,1,1
"DISS-3041",2,1,1,2,1,1,1,1,1,1,1,1,1
"DISS-3041",3,1,1,1,1,1,1,1,2,2,1,2,2
"DISS-3041",4,1,1,1,1,1,1,1,1,1,1,1,1
"DISS-3041",5,1,2,1,1,1,1,3,2,3,2,2,2
"DISS-3041",6,1,1,1,1,1,1,2,1,1,1,1,1
"DISS-3041",7,1,1,1,1,1,1,3,1,1,1,1,1
"DISS-3042",1,1,1,2,2,2,2,1,1,1,1,1,1
"DISS-3042",2,1,1,1,4,4,3,1,1,1,1,1,1
"DISS-3042",3,1,1,1,3,3,3,1,1,1,1,1,1
"DISS-3042",4,1,1,1,1,1,1,1,1,1,1,1,1
"DISS-3042",5,1,1,1,1,1,1,1,1,1,1,1,1
"DISS-3042",6,1,1,1,1,1,1,1,1,1,1,1,1
"DISS-3042",7,1,1,1,1,1,1,1,1,1,1,1,1
"DISS-3043",1,1,1,1,1,1,1,1,1,1,1,1,1
"DISS-3043",2,2,1,2,1,1,1,1,1,1,1,1,1
"DISS-3043",3,1,1,1,1,1,1,1,1,1,1,1,1
"DISS-3043",4,1,1,1,1,1,1,1,1,1,1,1,1
"DISS-3043",5,1,1,1,1,1,1,1,1,1,1,1,1
"DISS-3043",6,1,3,1,4,4,4,2,2,1,2,1,1
"DISS-3043",7,1,1,1,1,1,1,1,1,1,1,1,1
"DISS-3044",1,1,1,1,1,1,1,2,1,1,1,1,1
"DISS-3044",2,2,1,2,2,2,1,1,1,1,1,1,1
"DISS-3044",3,1,1,1,1,1,1,1,1,1,1,1,1
"DISS-3044",4,1,2,1,2,2,2,2,1,1,2,1,1
"DISS-3044",5,1,1,1,1,1,1,1,1,1,1,1,1
"DISS-3044",6,1,1,1,1,1,1,1,1,1,1,1,1
"DISS-3044",7,1,1,1,1,1,1,1,1,1,1,1,1
"DISS-3045",1,1,1,1,4,4,3,1,1,1,1,1,1
"DISS-3045",2,1,1,2,1,1,1,1,1,1,1,1,1
"DISS-3045",3,NA,NA,NA,NA,NA,NA,NA,NA,NA,NA,NA,NA
"DISS-3045",4,2,2,2,1,1,1,1,1,1,1,1,1
"DISS-3045",5,NA,NA,NA,NA,NA,NA,NA,NA,NA,NA,NA,NA
"DISS-3045",6,1,1,2,1,1,1,1,1,1,1,1,1
"DISS-3045",7,1,2,2,1,1,1,1,1,1,1,1,1
"DISS-3046",1,1,1,1,2,2,2,1,1,1,1,1,1
"DISS-3046",2,NA,NA,NA,NA,NA,NA,NA,NA,NA,NA,NA,NA
"DISS-3046",3,3,2,2,1,1,1,1,1,1,1,1,1
"DISS-3046",4,1,1,1,1,1,1,1,1,1,1,1,1
"DISS-3046",5,1,1,1,1,1,1,1,1,1,1,1,1
"DISS-3046",6,2,1,2,1,1,1,1,1,1,1,1,1
"DISS-3046",7,2,2,2,1,1,1,1,1,1,1,1,1
"DISS-3047",1,1,1,1,1,3,2,1,1,1,1,1,1
"DISS-3047",2,1,1,1,3,3,3,1,1,1,1,1,1
"DISS-3047",3,1,1,1,1,1,1,2,1,1,1,1,1
"DISS-3047",4,1,2,1,4,1,4,1,1,3,1,1,1
"DISS-3047",5,1,1,3,1,1,1,1,1,1,1,1,1
"DISS-3047",6,1,1,1,1,1,1,1,1,1,1,1,1
"DISS-3047",7,1,1,1,1,1,1,1,1,1,1,1,1
"DISS-3048",1,1,1,1,1,1,1,1,2,1,1,2,1
"DISS-3048",2,1,1,1,2,2,2,1,1,1,1,1,1
"DISS-3048",3,2,1,1,1,1,1,1,1,1,1,1,1
"DISS-3048",4,3,1,2,1,1,1,1,1,1,1,1,1
"DISS-3048",5,1,1,1,1,1,2,1,1,1,1,1,1
"DISS-3048",6,2,1,1,1,1,1,1,1,1,1,1,1
"DISS-3048",7,2,1,1,1,1,1,1,1,1,1,1,1
"DISS-3049",1,3,2,3,4,4,4,1,1,2,1,1,1
"DISS-3049",2,1,1,1,4,4,4,1,2,2,1,1,1
"DISS-3049",3,2,2,2,3,1,1,1,1,2,1,1,1
"DISS-3049",4,2,1,2,1,1,1,1,1,1,1,1,1
"DISS-3049",5,2,1,2,2,1,1,1,1,2,2,1,1
"DISS-3049",6,3,1,2,6,5,2,1,1,2,1,1,1
"DISS-3049",7,3,2,2,7,3,3,2,1,1,1,1,1
"DISS-3050",1,1,2,4,5,5,5,2,2,2,2,2,2
"DISS-3050",2,1,1,1,4,5,4,1,1,1,1,1,1
"DISS-3050",3,2,2,2,5,5,5,1,1,2,1,1,1
"DISS-3050",4,2,2,2,4,4,4,3,3,3,3,3,3
"DISS-3050",5,2,2,3,2,2,2,1,1,1,2,2,2
"DISS-3050",6,2,2,2,2,2,2,2,2,2,2,2,2
"DISS-3050",7,2,2,2,2,2,2,2,2,2,2,2,2
"DISS-3051",1,2,2,2,3,3,3,2,2,2,2,2,2
"DISS-3051",2,1,1,2,3,3,3,2,2,2,2,2,2
"DISS-3051",3,2,2,2,3,3,3,2,2,2,2,2,2
"DISS-3051",4,2,2,2,2,2,2,2,2,2,2,2,2
"DISS-3051",5,2,3,3,3,3,3,2,2,2,2,2,2
"DISS-3051",6,2,2,2,2,2,2,2,2,2,2,2,2
"DISS-3051",7,2,2,2,3,3,3,2,2,2,2,2,2
"DISS-3052",1,1,2,2,4,4,4,3,1,2,3,2,2
"DISS-3052",2,1,2,2,4,4,4,3,2,2,2,2,2
"DISS-3052",3,2,1,2,4,4,4,1,1,1,1,1,1
"DISS-3052",4,2,2,2,4,4,4,1,1,1,1,1,1
"DISS-3052",5,2,1,2,4,4,4,1,1,1,1,1,1
"DISS-3052",6,2,2,2,4,4,4,1,1,1,1,1,1
"DISS-3052",7,2,2,2,4,4,4,1,1,1,2,1,1
"DISS-3053",1,1,1,1,4,4,4,3,3,3,3,3,3
"DISS-3053",2,NA,NA,NA,NA,NA,NA,NA,NA,NA,NA,NA,NA
"DISS-3053",3,1,1,1,4,4,4,1,1,1,1,1,1
"DISS-3053",4,1,1,3,4,4,4,1,1,1,1,1,1
"DISS-3053",5,2,2,2,4,4,4,5,3,3,3,3,3
"DISS-3053",6,2,2,2,4,4,4,3,3,3,3,3,3
"DISS-3053",7,1,1,1,1,1,1,1,1,1,1,1,1
"DISS-3054",1,3,1,4,1,1,1,3,1,1,2,1,1
"DISS-3054",2,2,1,2,1,1,1,2,3,3,3,2,2
"DISS-3054",3,3,2,3,7,7,7,5,4,4,2,5,5
"DISS-3054",4,2,1,1,5,3,2,2,2,2,3,2,2
"DISS-3054",5,1,1,3,2,2,1,2,1,2,2,1,1
"DISS-3054",6,1,1,1,1,1,1,1,2,1,2,1,1
"DISS-3054",7,1,1,1,1,1,1,1,1,1,1,1,1
"DISS-3055",1,2,2,2,2,2,2,2,2,2,2,2,2
"DISS-3055",2,2,2,2,2,2,2,3,2,2,2,2,2
"DISS-3055",3,2,2,2,2,2,2,2,2,2,2,2,2
"DISS-3055",4,NA,NA,NA,NA,NA,NA,NA,NA,NA,NA,NA,NA
"DISS-3055",5,2,3,2,4,4,3,2,2,2,2,2,2
"DISS-3055",6,2,2,2,2,2,2,2,2,2,2,2,2
"DISS-3055",7,2,2,2,3,2,2,1,1,1,1,2,1
"DISS-3056",1,1,3,3,6,6,6,3,3,4,4,4,4
"DISS-3056",2,1,1,1,3,3,2,2,2,2,2,1,1
"DISS-3056",3,1,3,1,7,6,4,4,5,5,4,4,4
"DISS-3056",4,1,2,1,4,4,4,2,2,2,2,2,2
"DISS-3056",5,1,2,1,5,4,4,2,2,2,2,2,2
"DISS-3056",6,1,2,1,1,1,1,2,3,2,2,2,3
"DISS-3056",7,1,3,1,4,2,2,3,2,2,2,1,2
"DISS-3057",1,2,3,4,7,3,4,3,2,2,3,3,2
"DISS-3057",2,1,2,2,7,7,7,1,1,1,1,1,1
"DISS-3057",3,2,4,4,4,4,4,1,1,1,1,1,1
"DISS-3057",4,3,4,4,7,7,7,1,1,5,3,1,1
"DISS-3057",5,2,4,4,4,4,4,1,1,2,1,1,1
"DISS-3057",6,1,1,2,3,3,3,1,1,1,1,1,1
"DISS-3057",7,1,1,1,4,4,4,1,1,1,1,1,1
"DISS-3058",1,3,3,3,6,3,6,1,3,4,2,1,3
"DISS-3058",2,3,3,3,4,2,5,2,2,4,1,1,3
"DISS-3058",3,2,1,2,4,3,4,1,1,2,1,1,1
"DISS-3058",4,2,2,3,4,2,2,1,1,2,1,1,1
"DISS-3058",5,3,1,2,3,3,3,1,1,1,1,1,1
"DISS-3058",6,2,2,2,2,1,1,1,1,1,1,3,1
"DISS-3058",7,3,3,3,2,3,4,2,2,2,2,1,3
"DISS-3059",1,1,1,1,2,4,3,2,2,5,1,1,1
"DISS-3059",2,1,1,2,7,5,5,3,1,3,3,1,1
"DISS-3059",3,NA,NA,NA,NA,NA,NA,NA,NA,NA,NA,NA,NA
"DISS-3059",4,1,1,1,4,4,4,4,2,2,2,1,1
"DISS-3059",5,2,1,1,3,2,2,2,2,2,2,1,1
"DISS-3059",6,1,1,1,3,3,4,2,1,2,1,1,1
"DISS-3059",7,1,1,1,5,5,5,3,1,2,3,1,1
"DISS-3060",1,2,2,2,1,1,1,2,2,2,3,2,3
"DISS-3060",2,2,2,2,5,5,5,2,3,3,2,2,2
"DISS-3060",3,2,1,3,4,5,4,3,2,3,2,3,2
"DISS-3060",4,1,1,2,3,3,3,2,2,2,2,2,2
"DISS-3060",5,1,2,1,3,5,4,3,1,1,2,2,2
"DISS-3060",6,2,2,1,3,1,3,2,2,3,2,2,2
"DISS-3060",7,1,2,2,4,3,4,3,2,2,1,2,2
"DISS-3061",1,4,4,3,5,3,3,2,2,2,1,1,1
"DISS-3061",2,3,3,3,3,2,2,2,1,1,4,1,1
"DISS-3061",3,3,3,3,1,1,3,2,1,1,1,1,1
"DISS-3061",4,3,3,3,4,2,2,1,1,1,1,1,1
"DISS-3061",5,2,3,2,1,1,1,1,1,1,1,1,1
"DISS-3061",6,NA,NA,NA,NA,NA,NA,NA,NA,NA,NA,NA,NA
"DISS-3061",7,3,3,2,1,1,1,2,1,1,1,1,1
"DISS-3062",1,2,1,1,2,2,2,1,1,1,1,1,1
"DISS-3062",2,2,2,2,4,3,4,2,2,2,2,2,2
"DISS-3062",3,2,2,2,4,4,4,2,2,2,2,2,2
"DISS-3062",4,2,2,2,3,3,2,2,2,2,2,2,2
"DISS-3062",5,2,2,2,5,5,5,2,2,2,2,2,2
"DISS-3062",6,NA,NA,NA,NA,NA,NA,NA,NA,NA,NA,NA,NA
"DISS-3062",7,NA,NA,NA,NA,NA,NA,NA,NA,NA,NA,NA,NA
"DISS-3063",1,1,2,1,4,2,2,2,1,2,2,1,2
"DISS-3063",2,1,2,1,6,5,6,2,1,3,3,1,4
"DISS-3063",3,3,4,3,6,2,2,2,2,3,2,2,2
"DISS-3063",4,2,2,2,2,2,2,2,2,2,2,2,2
"DISS-3063",5,2,2,2,5,5,2,2,1,2,2,2,2
"DISS-3063",6,1,2,2,2,2,2,2,1,2,2,1,2
"DISS-3063",7,2,2,2,2,2,2,2,2,2,2,2,2
"DISS-3064",1,1,2,1,6,6,6,3,2,3,3,1,2
"DISS-3064",2,NA,NA,NA,NA,NA,NA,NA,NA,NA,NA,NA,NA
"DISS-3064",3,1,2,1,4,4,4,1,1,1,1,1,1
"DISS-3064",4,1,2,1,4,4,3,2,1,1,1,1,1
"DISS-3064",5,1,2,1,5,5,5,2,1,1,1,1,1
"DISS-3064",6,1,3,1,6,6,6,3,2,2,3,1,2
"DISS-3064",7,2,4,1,6,6,6,3,1,1,1,1,1
"DISS-3065",1,2,1,2,2,3,4,1,1,1,1,1,1
"DISS-3065",2,1,1,2,3,5,5,1,2,2,1,1,1
"DISS-3065",3,4,4,3,5,6,4,2,1,1,3,1,1
"DISS-3065",4,2,3,2,7,3,3,1,1,1,1,1,1
"DISS-3065",5,2,2,3,5,5,6,2,2,3,4,4,4
"DISS-3065",6,1,1,1,3,1,2,1,2,1,1,1,1
"DISS-3065",7,3,4,1,5,2,6,3,1,2,4,1,1
"DISS-3066",1,3,3,3,6,6,6,1,1,1,1,1,1
"DISS-3066",2,2,2,3,5,2,2,1,1,4,2,1,1
"DISS-3066",3,NA,NA,NA,NA,NA,NA,NA,NA,NA,NA,NA,NA
"DISS-3066",4,3,2,3,4,4,4,3,3,4,4,3,3
"DISS-3066",5,2,2,2,4,2,2,2,2,2,2,1,1
"DISS-3066",6,1,2,2,4,2,2,2,2,2,2,1,1
"DISS-3066",7,1,1,2,3,1,1,1,1,1,2,1,1
"DISS-3067",1,4,4,2,4,4,4,2,2,2,2,2,2
"DISS-3067",2,2,1,2,4,4,4,2,2,2,2,2,2
"DISS-3067",3,2,1,1,4,4,4,1,1,1,1,1,1
"DISS-3067",4,2,2,2,4,4,4,2,2,2,2,2,2
"DISS-3067",5,2,2,2,4,4,4,2,2,2,2,2,2
"DISS-3067",6,2,2,2,4,4,4,2,2,2,2,2,2
"DISS-3067",7,1,2,2,4,4,4,1,1,1,1,1,1
"DISS-3068",1,3,1,2,4,4,4,1,2,3,2,1,1
"DISS-3068",2,3,1,2,2,2,2,1,2,2,1,1,1
"DISS-3068",3,4,1,4,5,7,7,1,2,2,2,2,1
"DISS-3068",4,4,3,4,7,6,7,2,3,2,3,2,2
"DISS-3068",5,3,2,4,6,5,6,1,1,1,3,1,1
"DISS-3068",6,2,2,3,4,5,5,1,2,2,1,1,1
"DISS-3068",7,2,1,2,3,3,3,1,1,1,1,1,1
"DISS-3069",1,1,1,1,5,6,5,2,2,2,1,1,1
"DISS-3069",2,3,2,2,5,6,4,2,1,2,3,1,2
"DISS-3069",3,1,1,2,5,4,3,2,1,1,2,1,2
"DISS-3069",4,2,2,3,2,1,2,4,1,2,2,2,3
"DISS-3069",5,2,1,2,5,6,4,3,2,3,2,3,2
"DISS-3069",6,2,1,2,2,2,4,1,1,1,1,1,1
"DISS-3069",7,1,1,1,5,6,2,1,1,2,1,2,1
"DISS-3070",1,NA,NA,NA,NA,NA,NA,NA,NA,NA,NA,NA,NA
"DISS-3070",2,2,2,2,3,3,3,2,2,2,2,2,2
"DISS-3070",3,2,2,1,5,5,5,1,1,1,1,1,1
"DISS-3070",4,2,2,2,3,3,3,3,3,3,2,2,2
"DISS-3070",5,2,2,2,4,4,4,3,3,3,3,3,3
"DISS-3070",6,2,2,2,3,3,3,1,1,1,1,1,1
"DISS-3070",7,2,2,2,5,5,5,2,2,2,2,2,2
"DISS-3071",1,3,2,2,5,6,5,1,1,1,1,1,1
"DISS-3071",2,3,1,2,3,4,5,1,2,1,1,1,1
"DISS-3071",3,3,1,4,6,5,5,2,1,2,1,1,1
"DISS-3071",4,4,2,3,7,7,7,1,1,3,3,1,1
"DISS-3071",5,NA,NA,NA,NA,NA,NA,NA,NA,NA,NA,NA,NA
"DISS-3071",6,2,2,4,5,7,7,1,1,3,2,1,1
"DISS-3071",7,2,1,2,3,5,3,1,1,1,2,1,1
"DISS-3072",1,1,1,1,1,1,1,1,1,1,1,1,1
"DISS-3072",2,3,3,3,5,5,5,2,3,2,2,3,3
"DISS-3072",3,3,2,2,3,3,3,3,2,2,3,2,2
"DISS-3072",4,2,1,3,3,3,3,2,2,2,2,2,2
"DISS-3072",5,1,3,1,3,3,3,2,1,1,1,1,1
"DISS-3072",6,2,2,3,5,5,3,3,2,2,2,2,3
"DISS-3072",7,2,1,2,5,5,3,3,2,2,3,2,4
"DISS-3073",1,1,1,1,3,4,3,1,1,1,1,1,3
"DISS-3073",2,3,2,2,3,4,4,4,3,4,4,5,5
"DISS-3073",3,1,1,3,3,4,3,3,3,2,3,2,3
"DISS-3073",4,3,2,3,3,3,3,1,1,1,1,2,2
"DISS-3073",5,2,2,2,4,3,3,3,2,3,2,3,3
"DISS-3073",6,3,2,1,3,3,3,2,3,3,3,4,3
"DISS-3073",7,3,2,2,3,3,2,2,2,1,1,1,2
"DISS-3074",1,3,1,3,6,5,1,1,1,3,1,1,1
"DISS-3074",2,4,2,4,6,6,3,1,1,2,1,1,1
"DISS-3074",3,4,3,4,4,2,2,1,1,2,1,2,1
"DISS-3074",4,4,4,4,7,7,7,1,1,3,1,1,1
"DISS-3074",5,2,2,2,4,4,1,1,1,1,1,1,1
"DISS-3074",6,1,1,2,3,3,2,1,1,2,1,1,1
"DISS-3074",7,4,4,4,7,7,1,1,1,1,1,1,1
"DISS-3075",1,1,1,1,5,4,1,1,1,1,1,1,1
"DISS-3075",2,2,2,2,3,1,1,1,1,1,1,1,1
"DISS-3075",3,2,2,1,3,3,3,3,1,1,1,1,1
"DISS-3075",4,3,3,2,4,4,4,3,3,3,3,3,3
"DISS-3075",5,3,3,2,7,7,7,3,3,3,2,2,2
"DISS-3075",6,2,2,2,5,5,5,2,2,2,2,2,2
"DISS-3075",7,1,1,1,1,1,1,1,1,1,1,1,1
"DISS-3076",1,1,2,2,4,4,1,2,2,2,2,2,2
"DISS-3076",2,1,1,2,1,1,1,2,3,3,1,3,3
"DISS-3076",3,1,1,1,1,1,1,1,1,1,1,1,1
"DISS-3076",4,3,4,3,7,2,5,2,2,4,2,2,2
"DISS-3076",5,4,4,3,7,7,7,1,1,1,1,1,1
"DISS-3076",6,4,4,4,7,7,7,2,1,3,2,1,1
"DISS-3076",7,2,2,2,7,7,7,1,1,1,1,1,1
"DISS-3077",1,3,4,3,5,5,5,4,3,5,4,2,2
"DISS-3077",2,2,1,1,5,5,5,2,1,4,4,2,2
"DISS-3077",3,2,2,3,2,2,2,2,1,3,3,1,2
"DISS-3077",4,2,1,2,5,5,4,3,2,2,3,2,3
"DISS-3077",5,2,1,1,3,5,3,3,2,2,1,1,3
"DISS-3077",6,1,1,1,1,1,1,1,2,2,3,1,2
"DISS-3077",7,2,1,2,5,5,5,2,2,4,3,2,3
"DISS-3078",1,2,3,3,4,3,4,3,2,3,3,2,3
"DISS-3078",2,1,2,1,4,5,4,2,3,2,3,2,1
"DISS-3078",3,3,2,1,1,4,2,1,3,1,3,2,3
"DISS-3078",4,1,2,1,3,2,3,1,1,1,2,1,2
"DISS-3078",5,2,2,4,6,4,5,4,2,5,5,3,4
"DISS-3078",6,2,3,3,4,5,3,3,2,4,3,3,4
"DISS-3078",7,4,2,3,4,4,6,2,4,2,3,4,2
"DISS-3079",1,3,2,1,2,1,4,5,2,4,5,2,2
"DISS-3079",2,3,3,1,3,3,3,5,1,2,2,2,2
"DISS-3079",3,2,2,1,4,4,4,5,1,1,1,1,2
"DISS-3079",4,1,2,1,2,2,2,2,1,1,2,1,1
"DISS-3079",5,2,2,1,2,2,2,4,1,2,2,1,2
"DISS-3079",6,1,1,1,2,2,2,1,1,1,1,1,1
"DISS-3079",7,2,2,1,3,3,3,3,1,2,2,1,1
"DISS-3080",1,1,1,3,4,4,3,2,2,2,1,1,1
"DISS-3080",2,1,1,2,4,4,3,1,1,1,1,1,1
"DISS-3080",3,3,3,3,6,6,6,3,3,3,3,5,3
"DISS-3080",4,1,1,2,4,2,3,2,2,1,2,2,2
"DISS-3080",5,NA,NA,NA,NA,NA,NA,NA,NA,NA,NA,NA,NA
"DISS-3080",6,4,4,3,5,7,7,2,2,2,1,1,1
"DISS-3080",7,NA,NA,NA,NA,NA,NA,NA,NA,NA,NA,NA,NA
"DISS-3081",1,4,4,4,5,5,2,3,3,4,5,2,2
"DISS-3081",2,3,1,2,4,4,4,1,1,1,1,1,1
"DISS-3081",3,2,2,1,1,1,1,1,1,1,1,1,1
"DISS-3081",4,2,2,3,4,3,2,3,3,2,2,2,2
"DISS-3081",5,2,2,3,2,2,2,2,2,2,2,2,2
"DISS-3081",6,2,1,1,2,2,2,2,2,2,3,3,2
"DISS-3081",7,4,3,4,4,4,4,4,3,3,2,2,2
"DISS-3082",1,1,1,1,1,1,1,1,1,1,1,2,1
"DISS-3082",2,1,1,1,1,1,1,1,1,1,1,1,1
"DISS-3082",3,1,1,1,1,1,1,1,1,1,1,1,1
"DISS-3082",4,1,1,1,1,1,1,1,1,1,1,1,1
"DISS-3082",5,1,1,1,1,1,1,1,1,1,1,1,1
"DISS-3082",6,NA,NA,NA,NA,NA,NA,NA,NA,NA,NA,NA,NA
"DISS-3082",7,1,1,1,1,1,1,1,1,1,1,1,1
"DISS-3083",1,1,1,1,1,1,1,1,1,1,1,1,1
"DISS-3083",2,1,1,1,1,1,1,1,1,1,1,2,1
"DISS-3083",3,1,1,1,1,1,1,1,1,1,1,1,1
"DISS-3083",4,1,1,1,1,1,1,1,1,1,1,1,1
"DISS-3083",5,1,1,1,1,1,1,1,1,1,1,1,1
"DISS-3083",6,1,1,1,1,1,1,1,1,1,1,1,1
"DISS-3083",7,1,1,1,1,1,1,1,1,1,1,1,1
"DISS-3084",1,1,1,1,1,1,1,1,1,1,1,1,1
"DISS-3084",2,1,1,1,1,1,1,1,1,1,1,1,1
"DISS-3084",3,1,1,1,1,1,1,1,1,1,1,1,1
"DISS-3084",4,1,1,1,1,1,1,1,1,1,1,1,1
"DISS-3084",5,1,2,1,1,1,1,1,1,1,1,1,1
"DISS-3084",6,1,1,1,1,1,1,1,1,1,1,1,1
"DISS-3084",7,1,1,1,1,1,1,1,1,1,1,1,1
"DISS-3085",1,1,1,1,1,1,1,1,1,1,1,1,1
"DISS-3085",2,1,1,1,1,1,1,1,1,1,1,1,1
"DISS-3085",3,1,1,1,1,1,1,1,1,1,1,1,1
"DISS-3085",4,1,1,1,1,1,1,1,1,1,1,1,1
"DISS-3085",5,1,1,1,1,1,1,1,1,1,1,1,1
"DISS-3085",6,1,1,1,1,1,1,1,1,1,1,1,1
"DISS-3085",7,1,1,1,1,1,1,1,1,1,1,1,1
"DISS-3086",1,1,1,1,1,1,1,1,1,1,1,1,1
"DISS-3086",2,1,1,1,1,1,1,1,1,1,1,1,1
"DISS-3086",3,1,1,1,1,1,1,1,1,1,1,1,1
"DISS-3086",4,NA,NA,NA,NA,NA,NA,NA,NA,NA,NA,NA,NA
"DISS-3086",5,NA,NA,NA,NA,NA,NA,NA,NA,NA,NA,NA,NA
"DISS-3086",6,1,1,1,1,1,1,1,1,1,1,1,1
"DISS-3086",7,1,1,1,1,1,1,1,1,1,1,1,1
"DISS-3087",1,1,1,1,1,1,1,1,1,1,1,1,1
"DISS-3087",2,1,1,1,1,1,1,1,1,1,1,1,1
"DISS-3087",3,1,1,1,1,1,1,1,1,1,1,1,1
"DISS-3087",4,1,1,1,1,1,1,1,1,1,1,1,1
"DISS-3087",5,1,1,1,1,1,1,1,1,1,1,1,1
"DISS-3087",6,1,1,1,1,1,1,1,1,1,1,1,1
"DISS-3087",7,1,1,1,1,1,1,1,1,1,1,1,1
"DISS-3088",1,1,1,1,1,1,1,1,1,1,1,1,1
"DISS-3088",2,1,1,1,1,1,1,1,1,1,1,1,1
"DISS-3088",3,1,1,1,1,1,1,1,1,1,1,1,1
"DISS-3088",4,1,1,1,1,1,1,1,1,1,1,1,1
"DISS-3088",5,1,1,1,1,1,1,1,1,1,1,1,1
"DISS-3088",6,1,1,1,1,1,1,1,1,1,1,1,1
"DISS-3088",7,1,1,1,1,1,1,1,1,1,1,1,1
"DISS-3089",1,1,1,1,1,1,1,1,1,1,1,1,1
"DISS-3089",2,2,1,2,1,1,1,1,1,1,1,1,1
"DISS-3089",3,2,1,2,3,2,3,1,1,1,1,1,1
"DISS-3089",4,2,1,2,1,1,1,1,1,1,1,1,1
"DISS-3089",5,1,1,2,1,1,1,1,1,1,1,1,1
"DISS-3089",6,1,1,2,1,1,1,1,1,1,1,1,1
"DISS-3089",7,2,1,2,1,1,1,1,1,1,1,1,1
"DISS-3090",1,2,2,1,2,2,2,1,1,1,1,1,1
"DISS-3090",2,1,1,1,1,1,1,1,1,1,1,1,1
"DISS-3090",3,1,1,2,1,1,1,1,1,1,1,1,1
"DISS-3090",4,1,1,1,2,1,1,1,1,1,1,1,1
"DISS-3090",5,1,1,2,3,1,1,1,1,1,1,1,1
"DISS-3090",6,2,1,2,1,1,1,1,1,1,1,1,1
"DISS-3090",7,1,1,1,1,1,1,1,1,1,1,2,1
"DISS-3091",1,1,1,1,1,1,1,1,1,1,1,1,1
"DISS-3091",2,1,1,1,1,1,1,1,1,1,1,1,1
"DISS-3091",3,1,1,1,1,1,1,1,1,1,1,1,1
"DISS-3091",4,1,1,1,1,1,1,1,1,1,1,1,1
"DISS-3091",5,1,1,1,1,1,1,1,1,1,1,1,1
"DISS-3091",6,1,1,1,1,1,1,1,1,1,1,1,1
"DISS-3091",7,3,1,2,5,5,1,1,1,1,1,1,1
"DISS-3092",1,1,2,2,1,1,1,1,1,1,1,1,1
"DISS-3092",2,1,1,2,1,2,1,1,1,1,1,1,1
"DISS-3092",3,1,1,1,1,1,1,1,1,1,3,1,1
"DISS-3092",4,1,1,1,4,1,4,1,1,1,1,1,1
"DISS-3092",5,1,2,1,1,1,1,1,1,1,1,1,1
"DISS-3092",6,1,2,1,1,1,1,1,1,1,1,1,1
"DISS-3092",7,2,2,1,2,2,2,2,1,1,2,1,1
"DISS-3093",1,1,1,1,4,5,5,1,1,1,1,1,1
"DISS-3093",2,1,1,1,1,1,1,1,1,1,1,1,1
"DISS-3093",3,1,1,1,1,1,1,1,1,1,1,1,1
"DISS-3093",4,1,1,1,1,1,1,1,1,1,1,1,1
"DISS-3093",5,2,2,2,1,2,1,2,2,1,1,1,1
"DISS-3093",6,1,2,1,1,1,2,1,1,1,1,1,1
"DISS-3093",7,1,1,1,2,2,1,1,1,1,2,1,1
"DISS-3094",1,1,1,1,1,1,1,1,1,1,1,1,1
"DISS-3094",2,2,2,1,2,2,1,1,1,1,2,1,1
"DISS-3094",3,1,1,1,1,1,1,1,1,1,1,1,1
"DISS-3094",4,1,1,1,1,1,1,2,1,1,1,1,1
"DISS-3094",5,1,1,1,1,1,1,1,1,1,1,1,1
"DISS-3094",6,1,1,1,3,4,3,1,1,1,1,1,1
"DISS-3094",7,1,1,1,1,1,1,2,1,1,1,1,1
"DISS-3095",1,1,1,1,1,1,1,1,1,1,1,1,1
"DISS-3095",2,1,1,1,1,1,1,1,1,1,1,1,1
"DISS-3095",3,2,1,1,1,1,2,1,1,1,1,1,1
"DISS-3095",4,2,1,1,3,3,3,1,1,1,1,1,1
"DISS-3095",5,1,1,1,2,2,2,1,1,1,1,1,1
"DISS-3095",6,1,1,1,3,3,2,1,1,1,1,1,1
"DISS-3095",7,1,1,1,1,2,2,1,1,1,1,1,1
"DISS-3096",1,1,1,1,1,1,1,1,1,1,1,1,1
"DISS-3096",2,1,1,1,1,1,1,2,1,1,1,1,5
"DISS-3096",3,1,1,1,1,1,1,1,1,1,1,1,1
"DISS-3096",4,1,1,1,2,2,1,1,1,1,1,1,1
"DISS-3096",5,1,1,2,2,2,4,1,1,1,2,2,1
"DISS-3096",6,2,1,1,4,2,2,1,1,1,1,2,1
"DISS-3096",7,1,1,2,1,1,1,1,1,1,1,1,1
"DISS-3097",1,3,3,1,2,2,2,1,1,1,1,1,1
"DISS-3097",2,2,2,2,2,2,2,1,1,1,1,1,1
"DISS-3097",3,1,1,2,1,1,1,1,1,1,2,1,1
"DISS-3097",4,2,2,2,2,2,1,1,1,1,1,1,1
"DISS-3097",5,1,2,1,1,1,1,1,1,1,1,1,1
"DISS-3097",6,1,1,1,1,1,1,1,1,1,1,1,1
"DISS-3097",7,1,1,1,1,1,1,1,1,1,1,1,1
"DISS-3098",1,2,2,1,2,2,2,1,1,1,1,1,1
"DISS-3098",2,1,1,2,1,1,1,1,1,1,1,1,1
"DISS-3098",3,1,2,2,3,3,3,3,3,3,3,3,3
"DISS-3098",4,1,1,1,1,1,1,1,1,1,1,1,1
"DISS-3098",5,1,1,1,2,2,2,1,1,1,1,1,1
"DISS-3098",6,1,1,1,1,1,1,1,1,1,1,1,1
"DISS-3098",7,1,1,1,1,1,1,1,1,1,1,1,1
"DISS-3099",1,1,1,1,5,5,3,2,1,1,1,1,1
"DISS-3099",2,1,1,1,1,1,1,1,1,1,1,1,1
"DISS-3099",3,2,1,1,1,1,1,1,1,1,1,1,1
"DISS-3099",4,2,3,1,1,1,1,1,1,1,1,1,1
"DISS-3099",5,1,1,1,1,1,1,1,1,1,1,1,1
"DISS-3099",6,1,1,1,1,1,1,1,1,1,1,1,1
"DISS-3099",7,1,4,2,1,1,1,1,1,1,1,1,1
"DISS-3100",1,2,1,1,1,2,2,1,1,1,1,1,1
"DISS-3100",2,3,3,1,4,2,2,2,1,1,1,1,2
"DISS-3100",3,1,1,1,1,1,1,1,1,1,1,1,1
"DISS-3100",4,1,1,1,1,1,1,1,1,1,1,1,1
"DISS-3100",5,1,1,1,1,1,1,1,1,2,1,1,1
"DISS-3100",6,1,1,1,1,1,2,1,1,1,1,1,1
"DISS-3100",7,1,1,1,1,1,1,1,1,1,1,1,1
"DISS-3101",1,2,1,1,1,1,1,1,1,1,1,1,1
"DISS-3101",2,2,1,1,1,1,1,1,1,1,1,1,1
"DISS-3101",3,1,1,1,1,1,1,1,1,1,1,1,1
"DISS-3101",4,2,2,2,1,1,1,1,1,1,1,1,1
"DISS-3101",5,3,2,1,2,1,1,1,1,1,1,1,1
"DISS-3101",6,2,1,1,1,1,1,1,1,1,1,1,1
"DISS-3101",7,NA,NA,NA,NA,NA,NA,NA,NA,NA,NA,NA,NA
"DISS-3102",1,1,1,1,1,1,1,1,1,1,1,1,1
"DISS-3102",2,1,1,2,1,2,1,1,1,1,1,1,1
"DISS-3102",3,3,1,3,5,5,5,1,1,2,1,1,1
"DISS-3102",4,1,1,1,2,3,2,1,1,1,1,1,1
"DISS-3102",5,1,1,1,1,3,1,1,1,1,1,1,1
"DISS-3102",6,1,1,1,1,1,1,1,1,1,1,1,1
"DISS-3102",7,1,1,1,2,2,1,1,1,1,1,1,1
"DISS-3103",1,2,1,2,1,1,1,1,1,1,1,1,1
"DISS-3103",2,1,1,1,1,1,1,1,1,1,1,1,1
"DISS-3103",3,2,3,2,1,1,1,1,1,1,1,1,1
"DISS-3103",4,2,2,2,1,1,1,2,1,2,3,1,2
"DISS-3103",5,3,2,3,1,1,1,3,2,2,2,1,1
"DISS-3103",6,1,2,1,1,1,1,1,1,1,1,1,1
"DISS-3103",7,1,1,1,1,1,1,1,1,1,1,1,1
"DISS-3104",1,1,1,2,3,2,2,1,1,1,1,1,1
"DISS-3104",2,2,1,2,1,1,1,1,1,1,1,1,1
"DISS-3104",3,1,1,1,1,1,1,1,1,1,1,1,1
"DISS-3104",4,2,1,2,3,1,1,1,1,1,1,1,1
"DISS-3104",5,2,3,2,1,1,1,1,1,1,1,1,1
"DISS-3104",6,1,1,1,1,1,1,1,1,1,1,1,1
"DISS-3104",7,2,2,2,1,1,1,1,1,1,1,1,1
"DISS-3105",1,1,1,1,2,2,2,1,1,1,1,1,1
"DISS-3105",2,1,1,1,4,4,4,1,1,1,1,1,1
"DISS-3105",3,1,1,1,1,1,1,1,1,1,1,1,1
"DISS-3105",4,2,2,2,1,1,1,1,1,1,1,1,1
"DISS-3105",5,1,1,1,2,1,1,1,1,1,1,1,1
"DISS-3105",6,1,2,1,1,1,1,2,1,1,1,1,3
"DISS-3105",7,NA,NA,NA,NA,NA,NA,NA,NA,NA,NA,NA,NA
"DISS-3106",1,1,1,2,1,1,1,1,1,1,1,1,1
"DISS-3106",2,2,1,2,2,1,1,1,1,1,1,1,1
"DISS-3106",3,2,2,2,4,3,5,2,1,2,2,1,1
"DISS-3106",4,1,1,1,1,1,1,1,2,1,1,1,2
"DISS-3106",5,1,1,1,2,1,1,1,1,1,1,1,1
"DISS-3106",6,1,1,2,1,2,1,1,1,1,1,1,1
"DISS-3106",7,1,1,1,1,1,1,1,1,1,1,1,1
"DISS-3107",1,1,1,1,1,1,1,2,1,1,1,1,1
"DISS-3107",2,1,1,1,1,1,1,1,1,1,1,1,1
"DISS-3107",3,1,1,1,1,1,1,3,1,1,3,1,2
"DISS-3107",4,NA,NA,NA,NA,NA,NA,NA,NA,NA,NA,NA,NA
"DISS-3107",5,1,1,1,1,1,1,2,3,2,2,2,2
"DISS-3107",6,2,1,1,1,1,1,3,3,3,3,3,3
"DISS-3107",7,1,1,1,1,1,1,2,2,2,2,2,2
"DISS-3108",1,2,1,3,2,2,3,2,1,1,1,1,1
"DISS-3108",2,1,1,2,1,1,1,1,1,1,1,1,1
"DISS-3108",3,1,2,1,3,2,2,2,1,1,2,2,2
"DISS-3108",4,1,2,1,1,1,1,2,1,1,1,1,1
"DISS-3108",5,1,1,1,1,1,1,1,1,1,1,1,1
"DISS-3108",6,1,1,1,1,1,1,1,1,1,1,1,1
"DISS-3108",7,1,2,1,1,1,1,2,1,1,1,1,1
"DISS-3109",1,1,1,2,1,1,1,1,1,1,1,1,1
"DISS-3109",2,2,2,2,1,1,1,1,1,1,1,1,1
"DISS-3109",3,1,2,1,3,3,4,1,1,1,1,1,1
"DISS-3109",4,1,1,1,4,3,4,1,1,1,1,1,1
"DISS-3109",5,2,1,2,1,1,1,1,1,1,1,1,1
"DISS-3109",6,1,1,1,3,3,4,1,1,1,1,1,1
"DISS-3109",7,1,1,1,1,1,1,1,1,1,1,1,1
"DISS-3110",1,1,2,1,4,2,3,1,1,1,1,1,1
"DISS-3110",2,1,2,1,3,3,3,1,1,2,2,1,1
"DISS-3110",3,1,1,1,2,1,1,1,1,4,2,1,1
"DISS-3110",4,1,2,1,3,1,1,1,1,4,2,1,1
"DISS-3110",5,1,2,1,2,2,2,1,1,3,1,1,1
"DISS-3110",6,1,1,1,2,1,1,1,1,3,1,1,1
"DISS-3110",7,1,1,1,2,3,2,1,1,2,1,1,1
"DISS-3111",1,1,1,2,1,1,1,1,1,1,1,1,1
"DISS-3111",2,1,1,1,1,1,1,1,1,1,1,1,1
"DISS-3111",3,1,2,2,2,1,1,2,1,1,1,1,2
"DISS-3111",4,2,1,2,4,4,3,1,2,1,2,1,1
"DISS-3111",5,2,1,2,1,1,1,1,1,1,1,1,1
"DISS-3111",6,1,1,2,1,1,1,2,1,1,1,1,1
"DISS-3111",7,1,1,1,1,1,1,1,1,1,1,1,1
"DISS-3112",1,1,1,1,1,1,1,1,1,1,1,1,1
"DISS-3112",2,1,1,1,1,3,3,1,1,1,1,1,1
"DISS-3112",3,1,1,1,1,1,1,1,1,1,1,1,1
"DISS-3112",4,1,1,1,1,1,1,1,1,1,1,1,1
"DISS-3112",5,2,1,1,1,1,1,1,1,1,1,1,1
"DISS-3112",6,1,1,1,5,2,2,1,1,1,1,1,1
"DISS-3112",7,2,2,1,1,1,1,3,1,1,3,1,1
"DISS-3113",1,1,1,1,1,1,1,1,1,1,1,1,1
"DISS-3113",2,1,1,1,1,1,1,1,1,1,1,1,1
"DISS-3113",3,1,3,2,1,1,1,1,1,1,1,1,1
"DISS-3113",4,2,3,1,2,2,2,2,1,4,2,1,3
"DISS-3113",5,2,2,2,4,2,1,2,2,3,3,3,3
"DISS-3113",6,1,1,2,1,1,1,1,1,2,1,1,1
"DISS-3113",7,1,1,1,1,4,3,1,1,1,1,1,1
"DISS-3114",1,3,1,2,4,2,5,1,1,1,3,1,1
"DISS-3114",2,1,1,1,2,4,2,1,1,1,2,1,1
"DISS-3114",3,1,1,1,1,3,3,2,1,1,1,1,2
"DISS-3114",4,1,1,1,1,1,1,2,1,1,2,1,1
"DISS-3114",5,1,1,1,1,2,2,1,1,2,2,1,2
"DISS-3114",6,1,1,2,1,1,1,1,1,1,2,1,1
"DISS-3114",7,1,1,3,1,1,1,1,1,1,1,1,1
"DISS-3115",1,1,1,1,1,1,1,1,1,1,1,1,1
"DISS-3115",2,1,1,3,1,1,1,1,1,1,1,1,1
"DISS-3115",3,2,1,2,1,1,1,1,1,1,1,1,1
"DISS-3115",4,3,1,2,1,1,1,4,3,1,1,1,1
"DISS-3115",5,2,1,2,1,1,1,1,1,1,1,1,1
"DISS-3115",6,NA,NA,NA,NA,NA,NA,NA,NA,NA,NA,NA,NA
"DISS-3115",7,1,1,2,1,1,1,1,1,1,1,1,1
"DISS-3116",1,NA,NA,NA,NA,NA,NA,NA,NA,NA,NA,NA,NA
"DISS-3116",2,1,1,1,2,1,2,1,1,1,1,1,1
"DISS-3116",3,2,1,1,3,2,2,1,1,1,1,1,1
"DISS-3116",4,1,1,1,NA,NA,NA,1,1,1,2,1,1
"DISS-3116",5,1,1,1,1,1,1,1,1,1,1,1,1
"DISS-3116",6,NA,NA,NA,NA,NA,NA,NA,NA,NA,NA,NA,NA
"DISS-3116",7,NA,NA,NA,NA,NA,NA,NA,NA,NA,NA,NA,NA
"DISS-3117",1,1,1,2,4,2,2,1,1,1,1,1,1
"DISS-3117",2,2,1,2,1,1,1,2,3,4,4,1,1
"DISS-3117",3,2,1,3,1,1,1,2,2,2,2,1,1
"DISS-3117",4,1,1,2,1,1,1,1,1,1,1,1,1
"DISS-3117",5,1,1,2,1,1,1,1,1,1,1,1,1
"DISS-3117",6,2,1,1,1,1,1,1,1,1,1,1,1
"DISS-3117",7,1,1,1,1,1,1,1,1,1,1,1,1
"DISS-3118",1,2,2,2,5,3,5,1,1,2,1,1,1
"DISS-3118",2,1,1,1,1,1,1,1,1,1,1,2,2
"DISS-3118",3,1,1,1,1,1,1,1,1,1,1,1,1
"DISS-3118",4,2,2,1,1,1,1,1,1,1,1,1,1
"DISS-3118",5,1,1,1,1,1,1,1,1,1,1,1,1
"DISS-3118",6,1,1,1,1,1,1,1,1,1,1,1,1
"DISS-3118",7,2,2,1,3,4,3,1,1,1,1,1,1
"DISS-3119",1,1,3,4,1,1,1,1,1,1,1,1,1
"DISS-3119",2,1,1,1,1,1,1,1,1,1,1,1,1
"DISS-3119",3,3,3,4,7,7,7,1,1,1,1,1,1
"DISS-3119",4,1,1,1,1,1,1,1,1,1,1,1,1
"DISS-3119",5,2,2,3,1,1,1,1,1,1,1,1,1
"DISS-3119",6,1,1,2,1,1,1,1,1,1,1,1,1
"DISS-3119",7,1,1,1,1,1,1,1,1,1,1,1,1
"DISS-3120",1,3,3,3,4,4,4,1,1,1,1,1,1
"DISS-3120",2,NA,NA,NA,NA,NA,NA,NA,NA,NA,NA,NA,NA
"DISS-3120",3,1,1,1,1,1,1,1,1,1,1,1,1
"DISS-3120",4,1,1,1,2,2,2,1,1,1,1,1,1
"DISS-3120",5,1,1,1,1,1,1,1,1,1,1,1,1
"DISS-3120",6,1,1,1,1,2,1,1,1,1,1,1,1
"DISS-3120",7,1,1,1,3,2,3,1,1,1,1,1,1
"DISS-3121",1,1,2,2,5,4,4,1,1,1,1,1,1
"DISS-3121",2,1,1,1,4,4,4,1,1,1,1,1,1
"DISS-3121",3,1,1,1,2,2,1,1,1,1,1,1,1
"DISS-3121",4,1,1,1,2,1,1,1,1,1,1,1,1
"DISS-3121",5,1,1,1,3,3,2,1,1,1,1,1,1
"DISS-3121",6,1,1,1,1,1,1,1,1,1,1,1,1
"DISS-3121",7,1,1,1,2,1,1,1,1,1,1,1,1
"DISS-3122",1,1,1,1,1,2,1,1,1,1,1,1,1
"DISS-3122",2,1,2,1,1,1,1,1,1,1,1,1,1
"DISS-3122",3,1,1,1,1,1,1,1,1,1,1,1,1
"DISS-3122",4,2,2,3,4,1,4,1,1,1,1,1,1
"DISS-3122",5,1,1,1,1,1,1,1,1,1,1,1,1
"DISS-3122",6,1,1,1,1,1,1,1,1,1,1,1,1
"DISS-3122",7,2,2,1,4,1,4,2,2,4,1,2,2
"DISS-3123",1,1,1,1,1,1,1,1,1,1,1,1,1
"DISS-3123",2,1,1,1,1,1,1,1,1,1,1,1,1
"DISS-3123",3,1,1,1,2,1,1,1,1,1,1,1,1
"DISS-3123",4,2,1,1,2,2,1,1,1,1,1,1,1
"DISS-3123",5,1,1,1,2,2,1,1,1,1,1,1,1
"DISS-3123",6,1,1,1,1,1,1,1,1,1,1,1,1
"DISS-3123",7,2,1,2,4,2,1,2,2,1,2,1,1
"DISS-3124",1,2,1,2,4,4,4,1,1,1,1,1,1
"DISS-3124",2,1,1,1,2,2,2,1,1,1,1,1,1
"DISS-3124",3,1,1,1,2,2,2,1,1,1,1,1,1
"DISS-3124",4,1,1,2,3,3,4,1,1,1,1,1,1
"DISS-3124",5,1,1,1,4,4,4,1,1,1,1,1,1
"DISS-3124",6,1,1,1,1,1,1,1,1,1,1,1,1
"DISS-3124",7,1,1,1,1,1,1,1,1,1,2,1,1
"DISS-3125",1,1,1,2,2,2,2,1,1,1,1,1,1
"DISS-3125",2,1,1,1,3,4,2,1,1,1,1,1,1
"DISS-3125",3,1,1,3,1,1,1,2,2,1,1,1,1
"DISS-3125",4,2,1,2,1,1,1,1,1,1,1,1,1
"DISS-3125",5,2,1,2,3,1,1,1,1,1,1,1,1
"DISS-3125",6,2,1,2,1,1,1,1,1,1,1,1,1
"DISS-3125",7,1,1,2,1,1,1,1,1,1,1,1,1
"DISS-3126",1,1,1,1,1,1,1,1,1,1,1,1,1
"DISS-3126",2,1,1,1,1,1,1,1,1,1,1,1,1
"DISS-3126",3,1,1,1,1,1,1,1,1,1,1,1,1
"DISS-3126",4,2,1,2,1,1,1,1,1,1,1,1,1
"DISS-3126",5,3,3,3,3,1,1,1,1,1,1,1,1
"DISS-3126",6,1,2,3,3,3,3,1,1,1,1,1,1
"DISS-3126",7,2,3,3,1,1,1,2,1,1,1,1,2
"DISS-3127",1,2,1,1,3,3,3,1,1,2,1,2,1
"DISS-3127",2,NA,NA,NA,NA,NA,NA,NA,NA,NA,NA,NA,NA
"DISS-3127",3,1,1,1,3,3,5,1,1,1,1,1,1
"DISS-3127",4,2,2,2,1,1,1,1,1,1,1,1,1
"DISS-3127",5,1,1,1,1,1,1,1,1,1,1,1,1
"DISS-3127",6,2,1,1,1,1,1,1,1,1,1,1,1
"DISS-3127",7,NA,NA,NA,NA,NA,NA,NA,NA,NA,NA,NA,NA
"DISS-3128",1,NA,NA,NA,NA,NA,NA,NA,NA,NA,NA,NA,NA
"DISS-3128",2,1,1,1,2,1,1,1,1,1,1,1,1
"DISS-3128",3,2,1,1,2,1,2,1,1,1,1,1,1
"DISS-3128",4,1,1,1,2,2,2,1,1,1,1,1,1
"DISS-3128",5,2,2,2,2,2,4,1,1,1,1,1,1
"DISS-3128",6,1,1,1,2,1,1,1,1,1,1,1,1
"DISS-3128",7,NA,NA,NA,NA,NA,NA,NA,NA,NA,NA,NA,NA
"DISS-3129",1,1,1,1,1,1,1,1,1,1,1,2,1
"DISS-3129",2,1,1,1,2,3,2,1,1,1,1,1,1
"DISS-3129",3,1,1,1,1,1,1,1,1,1,2,1,2
"DISS-3129",4,3,2,3,3,1,1,2,1,1,1,1,1
"DISS-3129",5,1,1,1,1,1,5,1,3,3,2,2,2
"DISS-3129",6,2,2,1,1,1,1,2,4,4,2,2,1
"DISS-3129",7,1,2,1,1,1,1,2,2,2,1,1,1
"DISS-3130",1,2,2,2,3,1,2,1,1,1,1,1,1
"DISS-3130",2,2,1,2,4,1,2,1,1,2,1,1,1
"DISS-3130",3,1,1,2,2,1,2,1,2,2,1,1,1
"DISS-3130",4,1,1,2,1,1,1,1,1,1,1,1,1
"DISS-3130",5,2,2,2,1,1,2,1,1,2,1,1,1
"DISS-3130",6,2,1,2,1,1,2,1,1,1,1,1,1
"DISS-3130",7,1,1,2,1,1,1,1,1,2,1,1,1
"DISS-3131",1,1,1,1,4,4,4,1,1,1,1,1,1
"DISS-3131",2,2,2,2,1,2,2,2,2,2,2,1,1
"DISS-3131",3,1,1,1,2,2,2,1,1,1,1,1,1
"DISS-3131",4,1,1,1,4,4,4,2,1,1,1,1,1
"DISS-3131",5,1,1,1,1,1,1,1,1,1,1,1,1
"DISS-3131",6,1,1,1,1,1,1,1,1,1,1,1,1
"DISS-3131",7,1,1,1,1,1,1,1,1,1,1,1,1
"DISS-3132",1,1,1,1,2,1,1,1,1,1,1,1,1
"DISS-3132",2,1,1,1,1,1,1,1,1,1,1,1,1
"DISS-3132",3,1,1,1,1,1,1,1,1,1,1,1,1
"DISS-3132",4,1,1,1,2,2,1,2,2,1,2,2,2
"DISS-3132",5,1,2,1,3,1,2,1,1,1,1,1,1
"DISS-3132",6,1,2,1,3,2,2,2,2,2,1,1,2
"DISS-3132",7,2,1,2,2,3,3,1,1,1,1,1,1
"DISS-3133",1,NA,NA,NA,NA,NA,NA,NA,NA,NA,NA,NA,NA
"DISS-3133",2,1,1,2,4,4,4,1,1,1,1,1,1
"DISS-3133",3,2,1,3,7,6,6,2,2,1,1,2,2
"DISS-3133",4,2,1,2,4,4,4,2,1,1,1,1,1
"DISS-3133",5,4,3,4,6,6,6,4,1,2,3,1,1
"DISS-3133",6,4,1,3,2,4,4,1,1,3,1,1,1
"DISS-3133",7,4,1,3,1,1,1,1,1,3,1,1,1
"DISS-3134",1,3,4,2,7,7,7,3,1,1,1,1,2
"DISS-3134",2,4,2,2,4,5,4,2,2,3,1,1,2
"DISS-3134",3,2,3,2,5,5,6,2,1,1,1,1,1
"DISS-3134",4,3,4,2,6,6,6,3,4,4,4,2,2
"DISS-3134",5,2,2,2,3,3,2,2,1,1,1,1,1
"DISS-3134",6,2,1,2,3,3,2,1,1,1,1,1,1
"DISS-3134",7,1,2,1,2,3,1,1,1,1,1,1,1
"DISS-3135",1,3,3,3,4,4,4,3,3,3,3,3,3
"DISS-3135",2,2,2,2,4,4,4,2,2,2,2,2,2
"DISS-3135",3,2,2,2,4,4,4,3,3,3,3,3,3
"DISS-3135",4,2,2,2,4,4,4,3,2,3,3,3,2
"DISS-3135",5,2,2,2,4,4,4,3,3,3,3,1,1
"DISS-3135",6,2,2,2,3,3,3,2,2,2,2,2,2
"DISS-3135",7,2,2,2,4,4,4,2,2,2,2,2,2
"DISS-3136",1,2,3,3,4,4,4,2,3,3,4,3,3
"DISS-3136",2,2,3,3,6,6,6,2,3,3,5,2,3
"DISS-3136",3,2,2,2,5,6,6,2,1,1,5,2,1
"DISS-3136",4,2,3,4,4,4,4,5,2,2,4,2,2
"DISS-3136",5,1,2,2,2,4,4,3,1,1,1,1,1
"DISS-3136",6,1,2,2,7,4,4,2,1,1,2,1,1
"DISS-3136",7,1,2,2,4,4,4,5,1,5,5,1,1
"DISS-3137",1,3,2,3,4,5,5,1,1,1,1,1,1
"DISS-3137",2,2,2,2,5,4,4,2,2,2,2,2,2
"DISS-3137",3,2,2,2,2,3,3,3,3,3,3,2,2
"DISS-3137",4,3,2,3,4,4,4,2,2,2,2,2,2
"DISS-3137",5,3,2,2,6,6,6,2,2,2,2,2,2
"DISS-3137",6,2,2,2,4,4,4,2,2,2,2,2,2
"DISS-3137",7,3,2,2,5,5,5,2,2,2,2,2,2
"DISS-3138",1,3,3,3,6,5,5,1,2,1,1,2,1
"DISS-3138",2,4,3,3,5,6,6,2,2,1,1,2,1
"DISS-3138",3,3,2,4,5,5,5,1,2,1,2,2,2
"DISS-3138",4,4,3,2,6,5,5,2,2,3,2,2,2
"DISS-3138",5,4,2,4,5,2,6,1,1,1,1,1,1
"DISS-3138",6,1,3,4,7,7,7,1,1,1,1,1,2
"DISS-3138",7,4,2,3,4,5,3,1,1,2,2,1,2
"DISS-3139",1,1,3,1,3,5,5,3,2,3,4,1,2
"DISS-3139",2,3,2,3,3,3,3,3,1,1,1,1,1
"DISS-3139",3,2,3,3,3,3,2,3,2,3,2,3,3
"DISS-3139",4,3,2,2,5,3,3,3,2,3,2,3,3
"DISS-3139",5,2,2,2,5,3,4,3,2,3,2,3,3
"DISS-3139",6,1,2,2,4,2,4,3,2,3,3,2,3
"DISS-3139",7,2,2,3,4,3,3,3,2,3,2,2,3
"DISS-3140",1,1,1,1,7,2,3,3,1,1,1,1,1
"DISS-3140",2,1,1,1,4,2,2,3,1,1,1,1,1
"DISS-3140",3,3,1,2,4,1,1,3,1,1,1,1,1
"DISS-3140",4,4,2,4,4,4,4,3,1,1,1,1,1
"DISS-3140",5,2,1,1,1,1,1,3,1,1,1,1,1
"DISS-3140",6,1,1,1,1,1,1,2,1,1,1,1,1
"DISS-3140",7,3,4,3,7,7,7,3,1,1,1,1,1
"DISS-3141",1,2,2,2,6,6,6,3,3,3,3,3,3
"DISS-3141",2,2,2,2,4,2,4,2,2,2,2,2,2
"DISS-3141",3,3,3,2,5,4,4,3,2,3,3,3,3
"DISS-3141",4,4,1,2,6,6,6,1,1,1,1,1,1
"DISS-3141",5,3,2,3,3,4,3,2,3,2,3,3,3
"DISS-3141",6,3,2,3,2,3,4,3,4,2,2,2,2
"DISS-3141",7,2,2,3,3,4,3,2,3,2,3,2,3
"DISS-3142",1,3,3,3,4,4,4,3,3,3,3,3,3
"DISS-3142",2,2,2,2,6,6,6,4,5,4,2,1,3
"DISS-3142",3,2,3,2,3,3,5,2,4,3,2,4,3
"DISS-3142",4,NA,NA,NA,NA,NA,NA,NA,NA,NA,NA,NA,NA
"DISS-3142",5,2,2,3,4,4,4,3,2,2,3,3,3
"DISS-3142",6,NA,NA,NA,NA,NA,NA,NA,NA,NA,NA,NA,NA
"DISS-3142",7,2,2,3,3,5,3,3,3,2,1,4,3
"DISS-3143",1,3,2,3,6,4,3,2,1,1,3,1,1
"DISS-3143",2,1,2,4,4,1,1,1,1,1,1,1,1
"DISS-3143",3,3,1,4,1,6,1,1,1,1,1,1,1
"DISS-3143",4,2,3,4,7,6,4,1,1,1,1,2,1
"DISS-3143",5,3,1,3,6,3,2,2,1,1,1,1,1
"DISS-3143",6,4,3,4,7,5,3,4,3,4,5,4,3
"DISS-3143",7,3,4,4,6,7,6,2,1,1,1,1,1
"DISS-3144",1,3,3,3,4,5,5,2,3,2,3,2,4
"DISS-3144",2,NA,NA,NA,NA,NA,NA,NA,NA,NA,NA,NA,NA
"DISS-3144",3,3,2,3,3,4,5,3,4,3,3,4,4
"DISS-3144",4,1,1,2,3,4,5,3,1,2,3,2,4
"DISS-3144",5,2,2,2,5,5,4,3,2,2,2,2,2
"DISS-3144",6,2,2,3,5,4,6,3,2,3,2,1,4
"DISS-3144",7,2,2,3,4,3,4,4,3,3,3,4,4
"DISS-3145",1,1,1,1,1,3,4,1,1,1,1,1,1
"DISS-3145",2,2,3,3,5,5,5,4,1,3,2,1,3
"DISS-3145",3,4,4,4,7,7,7,5,4,5,5,3,5
"DISS-3145",4,3,2,2,7,7,7,3,1,4,3,2,2
"DISS-3145",5,3,2,3,4,3,3,4,2,4,2,2,2
"DISS-3145",6,3,3,2,1,1,1,4,1,1,3,1,1
"DISS-3145",7,1,1,1,1,1,1,1,1,1,1,1,1
"DISS-3146",1,1,1,1,3,6,4,1,1,1,1,1,1
"DISS-3146",2,1,1,1,1,1,1,1,1,1,1,1,1
"DISS-3146",3,NA,NA,NA,NA,NA,NA,NA,NA,NA,NA,NA,NA
"DISS-3146",4,NA,NA,NA,NA,NA,NA,NA,NA,NA,NA,NA,NA
"DISS-3146",5,NA,NA,NA,NA,NA,NA,NA,NA,NA,NA,NA,NA
"DISS-3146",6,1,1,1,1,1,1,1,1,1,1,1,1
"DISS-3146",7,1,1,1,3,5,6,1,1,1,1,1,1
"DISS-3147",1,3,1,1,1,2,2,1,1,1,1,1,1
"DISS-3147",2,1,1,1,1,1,1,1,1,1,2,1,1
"DISS-3147",3,1,1,1,1,2,1,1,1,1,1,1,1
"DISS-3147",4,2,1,1,1,1,1,1,1,1,2,1,1
"DISS-3147",5,2,2,2,2,2,2,1,2,1,1,1,1
"DISS-3147",6,2,2,1,2,2,2,2,1,1,2,1,1
"DISS-3147",7,2,1,1,1,1,1,2,1,1,1,1,1
"DISS-3148",1,2,1,1,3,3,3,2,2,1,1,2,1
"DISS-3148",2,2,1,1,4,4,4,1,1,1,1,1,1
"DISS-3148",3,1,1,1,1,1,1,1,1,1,1,1,1
"DISS-3148",4,1,1,1,1,1,1,1,1,1,1,1,1
"DISS-3148",5,1,1,1,1,1,1,1,1,1,1,1,1
"DISS-3148",6,2,1,2,1,1,1,1,1,1,1,1,1
"DISS-3148",7,2,1,2,1,1,1,1,1,1,1,1,1
"DISS-3149",1,1,1,1,1,1,1,1,1,1,1,1,1
"DISS-3149",2,1,1,1,1,1,1,1,1,1,1,1,1
"DISS-3149",3,3,1,2,4,4,1,1,1,1,1,1,1
"DISS-3149",4,3,1,1,1,1,1,1,1,1,1,1,1
"DISS-3149",5,1,1,1,1,1,1,1,1,1,1,1,1
"DISS-3149",6,1,1,1,1,1,1,1,1,1,1,1,1
"DISS-3149",7,1,1,1,5,5,5,1,1,1,1,1,1
"DISS-3150",1,1,1,1,7,4,4,1,1,1,1,1,1
"DISS-3150",2,1,1,1,1,1,1,1,1,1,1,1,1
"DISS-3150",3,1,1,1,1,1,1,1,1,1,1,1,1
"DISS-3150",4,1,1,1,1,1,1,1,1,1,1,1,1
"DISS-3150",5,2,1,2,1,1,1,1,1,1,1,1,1
"DISS-3150",6,2,2,2,3,2,2,1,2,1,1,2,2
"DISS-3150",7,1,2,1,1,1,1,2,2,2,2,2,2
"DISS-3151",1,2,2,2,4,4,4,2,1,2,1,1,1
"DISS-3151",2,1,1,1,4,3,3,1,1,1,1,1,1
"DISS-3151",3,2,2,2,2,1,1,1,1,1,1,1,1
"DISS-3151",4,1,1,1,2,2,2,1,1,1,1,1,1
"DISS-3151",5,1,1,2,1,1,1,1,1,1,1,1,1
"DISS-3151",6,1,1,2,1,1,1,1,1,1,1,2,1
"DISS-3151",7,1,1,1,1,1,1,1,1,1,1,1,1
"DISS-3152",1,1,1,1,1,1,1,2,1,1,1,1,1
"DISS-3152",2,1,1,1,3,3,3,1,1,1,1,1,1
"DISS-3152",3,1,1,1,4,4,4,2,1,1,2,1,1
"DISS-3152",4,1,1,1,2,2,2,2,1,1,1,1,1
"DISS-3152",5,1,1,1,1,1,1,1,1,1,1,1,1
"DISS-3152",6,1,1,1,4,4,4,1,1,1,1,1,1
"DISS-3152",7,1,1,1,1,1,3,1,1,1,1,1,1
"DISS-3153",1,1,1,1,4,4,4,1,1,1,1,1,1
"DISS-3153",2,4,3,4,7,7,7,1,1,1,1,1,1
"DISS-3153",3,1,1,1,1,1,1,1,1,1,1,1,1
"DISS-3153",4,1,1,1,1,1,1,1,1,1,1,1,1
"DISS-3153",5,1,1,1,1,1,1,1,1,1,1,1,1
"DISS-3153",6,1,1,1,1,1,1,1,1,1,1,1,1
"DISS-3153",7,1,1,1,1,1,1,1,1,1,1,1,1
"DISS-3154",1,2,1,3,4,2,2,1,1,1,1,1,1
"DISS-3154",2,3,1,2,3,2,2,1,2,1,1,1,1
"DISS-3154",3,1,1,1,1,1,1,2,1,1,3,1,1
"DISS-3154",4,1,1,2,1,1,1,1,1,1,1,1,1
"DISS-3154",5,1,1,1,1,1,1,1,1,1,1,1,1
"DISS-3154",6,1,1,3,1,1,1,1,1,1,1,1,1
"DISS-3154",7,1,2,1,3,2,2,1,1,1,1,1,1
"DISS-3155",1,1,1,1,2,2,2,1,1,1,1,1,1
"DISS-3155",2,1,1,1,3,1,2,1,1,1,1,1,1
"DISS-3155",3,1,1,1,4,3,3,1,1,1,1,1,1
"DISS-3155",4,1,1,1,5,5,3,1,1,1,1,1,1
"DISS-3155",5,1,1,1,5,5,2,1,1,1,1,1,1
"DISS-3155",6,1,1,1,3,1,2,1,1,1,1,1,1
"DISS-3155",7,1,1,1,1,1,1,1,1,1,1,1,1
"DISS-3156",1,1,1,1,2,2,2,1,1,1,1,1,1
"DISS-3156",2,1,1,1,2,2,2,1,1,1,1,1,1
"DISS-3156",3,1,1,1,2,2,2,1,1,1,1,1,1
"DISS-3156",4,1,2,1,1,1,1,1,1,1,3,1,1
"DISS-3156",5,3,3,3,5,5,5,3,3,3,4,3,3
"DISS-3156",6,1,1,1,1,1,1,1,1,1,1,1,1
"DISS-3156",7,1,1,1,1,1,1,1,1,1,1,1,1
"DISS-3157",1,2,1,1,2,2,2,1,1,1,1,1,1
"DISS-3157",2,NA,NA,NA,NA,NA,NA,NA,NA,NA,NA,NA,NA
"DISS-3157",3,2,2,1,4,5,4,1,1,1,1,1,1
"DISS-3157",4,1,1,1,2,2,3,1,1,1,1,1,1
"DISS-3157",5,1,1,2,4,3,5,1,1,1,1,1,1
"DISS-3157",6,1,1,1,1,2,2,1,1,1,1,1,1
"DISS-3157",7,1,2,2,2,2,3,1,1,1,1,1,1
"DISS-3158",1,1,1,1,4,4,4,1,1,1,1,1,1
"DISS-3158",2,1,1,1,1,1,1,2,1,1,1,1,1
"DISS-3158",3,1,1,1,1,1,1,1,1,1,1,1,1
"DISS-3158",4,1,1,1,1,1,1,1,1,1,1,1,1
"DISS-3158",5,1,1,1,1,1,2,3,1,1,3,1,2
"DISS-3158",6,NA,NA,NA,NA,NA,NA,NA,NA,NA,NA,NA,NA
"DISS-3158",7,1,3,1,4,4,4,2,1,2,1,1,1
"DISS-3159",1,1,2,1,2,3,2,1,1,1,1,1,1
"DISS-3159",2,1,1,2,2,3,1,1,1,1,1,1,1
"DISS-3159",3,NA,NA,NA,NA,NA,NA,NA,NA,NA,NA,NA,NA
"DISS-3159",4,1,1,1,4,3,3,1,1,1,1,1,1
"DISS-3159",5,1,1,2,2,2,2,1,1,1,1,1,1
"DISS-3159",6,1,1,1,2,2,2,2,1,1,1,1,1
"DISS-3159",7,1,2,1,3,3,3,2,2,2,2,2,2
"DISS-3160",1,1,1,1,2,3,3,1,1,1,1,1,1
"DISS-3160",2,2,2,3,3,3,2,2,1,1,2,1,3
"DISS-3160",3,1,1,1,2,2,2,2,1,1,1,1,4
"DISS-3160",4,1,1,1,4,4,4,1,1,1,1,1,1
"DISS-3160",5,1,1,1,1,2,2,1,1,1,1,1,1
"DISS-3160",6,1,1,1,2,2,1,1,1,1,1,1,1
"DISS-3160",7,1,1,1,2,2,2,1,1,1,1,1,1
"DISS-3161",1,2,3,4,1,1,1,5,5,5,5,5,5
"DISS-3161",2,1,1,1,1,1,1,1,1,1,1,1,1
"DISS-3161",3,3,2,2,1,1,1,1,1,1,1,1,1
"DISS-3161",4,2,1,1,1,1,1,1,1,1,1,2,2
"DISS-3161",5,2,3,3,1,1,1,1,2,3,2,2,2
"DISS-3161",6,1,1,1,1,1,1,2,1,1,1,1,1
"DISS-3161",7,2,2,2,1,1,1,2,2,3,2,1,1
"DISS-3162",1,2,1,2,2,2,2,2,2,2,1,1,1
"DISS-3162",2,1,1,1,2,1,1,2,2,2,1,1,1
"DISS-3162",3,1,1,1,2,2,2,2,1,3,1,1,1
"DISS-3162",4,1,1,1,1,1,1,1,1,1,1,1,1
"DISS-3162",5,1,1,2,5,5,5,2,1,2,2,1,1
"DISS-3162",6,1,1,1,1,1,1,1,1,1,1,1,1
"DISS-3162",7,1,1,2,1,1,1,1,1,1,1,1,1
"DISS-3163",1,1,1,2,1,1,1,1,1,1,1,1,1
"DISS-3163",2,1,1,2,1,1,1,2,1,2,1,1,1
"DISS-3163",3,2,1,2,4,6,2,2,1,2,1,1,1
"DISS-3163",4,3,1,3,1,1,1,1,1,1,1,1,1
"DISS-3163",5,2,1,2,2,3,3,1,1,1,1,1,1
"DISS-3163",6,NA,NA,NA,NA,NA,NA,NA,NA,NA,NA,NA,NA
"DISS-3163",7,1,1,1,1,1,1,1,1,1,1,1,1
"DISS-3164",1,2,1,2,2,1,1,3,1,1,2,1,2
"DISS-3164",2,2,1,2,4,3,3,1,1,1,1,1,1
"DISS-3164",3,2,1,2,1,1,2,1,1,1,1,1,1
"DISS-3164",4,1,1,1,1,1,1,1,1,1,1,1,1
"DISS-3164",5,2,1,1,1,1,1,1,3,2,5,2,3
"DISS-3164",6,1,1,2,1,1,1,1,1,1,1,1,1
"DISS-3164",7,1,1,2,3,3,3,1,1,1,1,1,1
"DISS-3165",1,2,1,1,4,4,1,3,1,1,1,1,1
"DISS-3165",2,1,1,1,1,1,1,1,1,1,1,1,1
"DISS-3165",3,1,1,1,1,1,1,1,1,1,1,1,1
"DISS-3165",4,2,1,1,1,1,1,1,1,1,1,1,1
"DISS-3165",5,1,2,2,4,1,1,1,1,1,1,1,1
"DISS-3165",6,3,1,3,1,1,1,1,1,1,1,1,1
"DISS-3165",7,1,1,1,1,1,1,1,1,1,1,1,1
"DISS-3166",1,1,1,1,1,1,1,2,2,2,2,1,1
"DISS-3166",2,2,2,2,1,1,1,2,2,2,2,1,1
"DISS-3166",3,2,3,2,1,1,1,1,1,1,1,1,1
"DISS-3166",4,2,2,2,1,1,1,1,1,1,1,1,1
"DISS-3166",5,1,1,1,1,1,1,2,1,1,1,1,1
"DISS-3166",6,2,2,1,4,4,4,1,1,1,1,1,1
"DISS-3166",7,1,2,1,3,2,2,1,1,1,2,1,1
"DISS-3167",1,2,2,2,3,3,3,1,1,1,1,1,1
"DISS-3167",2,1,2,1,4,4,4,1,1,1,1,1,1
"DISS-3167",3,1,2,2,1,1,1,1,1,1,1,1,1
"DISS-3167",4,1,1,1,1,1,1,1,1,1,1,1,1
"DISS-3167",5,2,2,1,1,1,1,1,1,1,1,1,1
"DISS-3167",6,1,2,1,4,4,4,1,1,1,1,1,1
"DISS-3167",7,2,2,2,5,5,5,1,1,1,1,1,1
"DISS-3168",1,1,1,1,4,2,4,1,2,2,1,2,2
"DISS-3168",2,1,1,1,6,3,2,1,1,1,1,1,1
"DISS-3168",3,1,1,1,3,2,2,1,2,1,1,1,1
"DISS-3168",4,NA,NA,NA,NA,NA,NA,NA,NA,NA,NA,NA,NA
"DISS-3168",5,1,1,1,4,2,3,1,2,1,4,1,1
"DISS-3168",6,NA,NA,NA,NA,NA,NA,NA,NA,NA,NA,NA,NA
"DISS-3168",7,1,1,1,2,2,1,1,1,1,1,1,1
"DISS-3169",1,1,2,2,4,2,3,3,5,5,5,5,4
"DISS-3169",2,1,1,1,4,4,4,1,1,1,1,1,1
"DISS-3169",3,1,1,1,1,1,1,1,1,2,1,1,1
"DISS-3169",4,3,2,2,1,1,1,2,2,1,1,1,1
"DISS-3169",5,1,1,1,3,3,3,1,1,1,1,1,1
"DISS-3169",6,1,1,1,1,1,1,1,1,1,1,1,1
"DISS-3169",7,1,1,1,1,1,1,1,4,3,2,4,4
"DISS-3170",1,3,3,3,4,7,5,3,1,1,2,3,4
"DISS-3170",2,NA,NA,NA,NA,NA,NA,NA,NA,NA,NA,NA,NA
"DISS-3170",3,3,2,3,4,4,4,3,3,3,3,3,3
"DISS-3170",4,NA,NA,NA,NA,NA,NA,NA,NA,NA,NA,NA,NA
"DISS-3170",5,2,3,3,4,4,4,3,2,3,3,2,3
"DISS-3170",6,2,2,2,5,4,4,3,3,3,2,2,2
"DISS-3170",7,2,1,1,4,4,4,3,3,3,3,3,3
"DISS-3171",1,3,2,2,4,3,3,3,3,2,2,3,3
"DISS-3171",2,2,2,2,3,4,3,3,3,2,2,3,3
"DISS-3171",3,2,1,1,3,3,3,2,2,2,2,2,2
"DISS-3171",4,3,2,3,3,3,5,3,3,3,2,4,3
"DISS-3171",5,3,4,3,4,5,5,4,3,3,3,3,3
"DISS-3171",6,2,3,3,6,5,5,4,3,4,4,4,4
"DISS-3171",7,NA,NA,NA,NA,NA,NA,NA,NA,NA,NA,NA,NA
"DISS-3172",1,4,2,3,4,4,5,2,2,1,3,2,2
"DISS-3172",2,3,3,3,5,5,5,2,3,2,3,3,3
"DISS-3172",3,2,3,2,5,3,4,2,1,3,3,3,2
"DISS-3172",4,3,3,3,5,5,5,2,2,3,3,3,3
"DISS-3172",5,3,3,4,5,5,5,2,2,3,3,2,3
"DISS-3172",6,3,3,4,5,5,5,3,3,3,3,3,2
"DISS-3172",7,2,3,3,6,6,6,2,2,3,3,3,2
"DISS-3173",1,3,1,3,4,2,2,2,3,3,3,2,1
"DISS-3173",2,NA,NA,NA,NA,NA,NA,NA,NA,NA,NA,NA,NA
"DISS-3173",3,NA,NA,NA,NA,NA,NA,NA,NA,NA,NA,NA,NA
"DISS-3173",4,3,3,1,2,1,6,2,1,2,1,1,1
"DISS-3173",5,3,2,2,3,2,2,2,2,1,2,2,1
"DISS-3173",6,NA,NA,NA,NA,NA,NA,NA,NA,NA,NA,NA,NA
"DISS-3173",7,3,2,2,7,7,7,4,3,5,5,2,1
"DISS-3174",1,1,1,2,4,4,4,3,1,2,1,1,1
"DISS-3174",2,4,4,3,4,5,5,1,4,4,4,1,3
"DISS-3174",3,2,1,2,4,4,4,2,1,2,1,1,1
"DISS-3174",4,4,4,1,5,5,5,5,5,5,5,1,5
"DISS-3174",5,4,4,3,7,7,7,5,5,5,5,3,3
"DISS-3174",6,1,1,2,6,6,6,1,1,1,1,1,1
"DISS-3174",7,1,1,1,5,5,5,1,4,4,4,1,1
"DISS-3175",1,4,4,4,4,4,4,5,5,5,5,1,5
"DISS-3175",2,3,3,3,4,4,4,5,5,5,5,5,5
"DISS-3175",3,2,2,2,4,4,4,5,5,5,5,5,5
"DISS-3175",4,2,2,2,4,4,4,2,2,3,3,3,3
"DISS-3175",5,2,2,2,4,4,4,3,3,3,3,3,3
"DISS-3175",6,1,1,1,4,4,4,1,1,1,1,1,1
"DISS-3175",7,NA,NA,NA,NA,NA,NA,NA,NA,NA,NA,NA,NA
"DISS-3176",1,3,2,2,5,4,4,3,4,3,3,2,4
"DISS-3176",2,2,3,3,4,3,5,3,2,3,3,2,4
"DISS-3176",3,2,2,2,4,5,4,3,3,4,3,4,3
"DISS-3176",4,3,2,3,4,5,4,3,2,3,3,4,4
"DISS-3176",5,3,2,2,4,5,5,3,3,4,3,3,2
"DISS-3176",6,3,4,3,4,5,4,5,4,3,3,3,4
"DISS-3176",7,2,3,3,5,4,4,2,3,3,3,2,3
"DISS-3177",1,2,2,1,5,4,5,4,4,3,2,2,3
"DISS-3177",2,3,2,2,6,4,3,3,2,2,4,4,3
"DISS-3177",3,3,2,3,4,3,4,3,2,3,2,4,4
"DISS-3177",4,3,3,3,6,4,4,3,3,2,2,2,1
"DISS-3177",5,3,2,3,4,3,4,2,2,2,1,2,3
"DISS-3177",6,2,2,2,5,3,2,3,2,2,1,3,3
"DISS-3177",7,1,1,3,5,5,6,2,2,1,1,2,2
"DISS-3178",1,3,3,2,5,5,5,4,4,4,4,1,2
"DISS-3178",2,2,3,4,2,5,4,5,5,5,5,2,2
"DISS-3178",3,2,2,3,4,6,4,4,4,4,4,2,2
"DISS-3178",4,1,3,2,4,4,4,2,2,2,4,2,2
"DISS-3178",5,2,4,3,7,7,6,3,3,5,5,5,5
"DISS-3178",6,1,2,2,6,4,3,4,4,4,5,2,5
"DISS-3178",7,3,2,3,6,5,6,3,3,3,3,3,3
"DISS-3179",1,4,3,4,7,7,7,5,5,5,5,5,5
"DISS-3179",2,2,1,3,4,4,4,4,4,4,3,4,4
"DISS-3179",3,NA,NA,NA,NA,NA,NA,NA,NA,NA,NA,NA,NA
"DISS-3179",4,2,1,2,4,4,4,1,1,1,1,1,1
"DISS-3179",5,3,2,4,4,4,4,3,2,2,3,2,2
"DISS-3179",6,2,2,4,4,4,4,2,2,2,2,2,2
"DISS-3179",7,NA,NA,NA,NA,NA,NA,NA,NA,NA,NA,NA,NA
"DISS-3180",1,3,3,3,4,4,4,3,3,3,3,3,3
"DISS-3180",2,NA,NA,NA,NA,NA,NA,NA,NA,NA,NA,NA,NA
"DISS-3180",3,3,2,2,4,4,5,2,3,3,3,1,1
"DISS-3180",4,4,3,3,5,4,3,4,3,3,2,4,3
"DISS-3180",5,3,2,3,3,5,6,2,2,1,2,2,2
"DISS-3180",6,NA,NA,NA,NA,NA,NA,NA,NA,NA,NA,NA,NA
"DISS-3180",7,3,2,4,4,5,4,4,3,2,3,3,3
"DISS-3181",1,1,1,1,1,1,1,1,1,1,1,1,1
"DISS-3181",2,1,1,1,1,1,1,1,1,1,1,1,1
"DISS-3181",3,4,4,4,7,5,2,1,1,1,1,1,1
"DISS-3181",4,1,1,1,1,1,1,1,1,1,1,1,1
"DISS-3181",5,1,1,1,1,1,1,1,1,1,1,1,1
"DISS-3181",6,1,1,1,1,1,1,1,1,1,1,1,1
"DISS-3181",7,NA,NA,NA,NA,NA,NA,NA,NA,NA,NA,NA,NA
"DISS-3182",1,1,1,1,1,1,1,1,1,1,1,1,1
"DISS-3182",2,2,1,1,2,2,1,2,1,1,1,1,1
"DISS-3182",3,2,2,2,2,2,1,2,1,1,2,1,1
"DISS-3182",4,1,1,2,1,1,1,2,1,2,1,1,1
"DISS-3182",5,2,1,1,1,1,1,1,1,1,1,1,1
"DISS-3182",6,1,1,1,1,1,1,1,1,1,1,1,1
"DISS-3182",7,NA,NA,NA,NA,NA,NA,NA,NA,NA,NA,NA,NA
"DISS-3183",1,2,2,1,4,4,4,2,1,1,2,2,1
"DISS-3183",2,NA,NA,NA,NA,NA,NA,NA,NA,NA,NA,NA,NA
"DISS-3183",3,1,1,1,1,1,1,1,1,1,1,1,1
"DISS-3183",4,2,2,2,2,2,1,2,2,2,2,2,2
"DISS-3183",5,1,1,1,1,1,1,1,1,1,1,1,1
"DISS-3183",6,1,1,1,1,1,1,2,1,1,1,1,1
"DISS-3183",7,NA,NA,NA,NA,NA,NA,NA,NA,NA,NA,NA,NA
"DISS-3184",1,1,1,1,1,2,1,1,1,1,1,1,1
"DISS-3184",2,1,2,1,2,3,3,1,1,1,1,1,1
"DISS-3184",3,1,2,2,1,1,1,1,1,1,1,1,1
"DISS-3184",4,1,2,1,2,1,1,1,1,1,1,1,1
"DISS-3184",5,1,1,1,1,1,1,1,1,1,1,1,1
"DISS-3184",6,2,3,1,1,1,1,2,1,1,1,1,4
"DISS-3184",7,2,3,2,6,3,6,4,4,4,4,2,4
"DISS-3185",1,2,1,1,2,2,2,1,1,1,1,1,1
"DISS-3185",2,2,3,3,6,6,6,1,1,1,1,1,1
"DISS-3185",3,2,3,3,4,4,5,1,1,1,2,1,1
"DISS-3185",4,1,2,2,4,4,5,1,1,1,2,1,1
"DISS-3185",5,1,2,1,2,2,2,1,1,1,1,1,1
"DISS-3185",6,1,1,1,1,1,1,1,1,1,1,1,1
"DISS-3185",7,1,1,1,1,1,1,1,2,1,1,1,2
"DISS-3186",1,2,2,1,1,2,1,1,1,3,2,1,1
"DISS-3186",2,2,2,2,1,1,1,1,1,1,1,1,1
"DISS-3186",3,1,1,1,1,1,1,2,1,1,1,1,1
"DISS-3186",4,2,2,2,3,4,4,1,2,2,2,2,2
"DISS-3186",5,2,2,2,4,2,2,2,2,2,1,2,2
"DISS-3186",6,2,1,2,2,2,2,1,1,1,1,1,1
"DISS-3186",7,1,1,2,1,1,1,1,1,1,1,1,1
"DISS-3187",1,1,1,2,1,1,1,2,1,1,1,1,1
"DISS-3187",2,2,1,2,3,3,4,1,1,1,1,1,1
"DISS-3187",3,1,1,1,1,1,2,1,1,1,1,1,1
"DISS-3187",4,2,1,2,1,1,1,1,1,1,1,1,1
"DISS-3187",5,2,1,2,5,4,3,1,1,1,1,1,1
"DISS-3187",6,1,1,2,1,1,1,1,1,1,1,1,1
"DISS-3187",7,2,1,2,4,2,2,1,1,1,1,2,1
"DISS-3188",1,1,1,1,4,1,1,1,1,1,1,1,1
"DISS-3188",2,1,1,2,4,2,2,1,3,3,3,3,3
"DISS-3188",3,1,1,2,4,4,4,1,2,2,2,2,2
"DISS-3188",4,1,1,1,1,1,1,1,1,2,1,1,1
"DISS-3188",5,1,1,2,4,3,5,1,1,1,1,1,1
"DISS-3188",6,2,2,2,4,6,6,2,2,2,1,2,1
"DISS-3188",7,1,1,2,1,3,3,1,1,1,1,1,2
"DISS-3189",1,1,1,1,2,2,4,1,1,1,1,1,1
"DISS-3189",2,1,1,1,2,2,2,1,1,1,1,1,1
"DISS-3189",3,3,2,1,3,3,3,2,2,2,1,1,1
"DISS-3189",4,2,1,2,4,4,4,2,2,2,2,2,2
"DISS-3189",5,1,1,1,1,1,1,1,1,1,1,1,1
"DISS-3189",6,1,1,1,1,1,1,1,1,1,1,1,1
"DISS-3189",7,1,1,1,3,3,3,1,1,1,1,1,1
"DISS-3190",1,2,1,2,1,2,2,2,2,2,1,1,1
"DISS-3190",2,1,1,1,5,5,5,1,1,1,1,1,1
"DISS-3190",3,1,1,1,4,5,4,1,1,1,1,1,1
"DISS-3190",4,1,1,1,2,2,2,1,1,1,1,1,1
"DISS-3190",5,1,1,1,3,3,3,1,1,1,1,1,1
"DISS-3190",6,1,1,1,1,1,1,1,1,1,1,1,1
"DISS-3190",7,1,1,1,4,1,3,2,2,1,1,1,1
"DISS-3191",1,2,1,2,5,5,5,1,1,1,1,1,1
"DISS-3191",2,2,1,2,1,1,1,1,1,1,1,1,1
"DISS-3191",3,2,2,2,1,1,1,1,1,1,1,1,1
"DISS-3191",4,2,1,1,2,2,1,1,1,1,1,1,1
"DISS-3191",5,2,1,1,1,1,1,1,1,1,1,1,1
"DISS-3191",6,1,1,1,1,2,1,2,2,1,1,1,1
"DISS-3191",7,1,1,1,4,4,4,1,1,1,1,1,1
"DISS-3192",1,1,1,1,3,2,2,2,1,1,1,1,1
"DISS-3192",2,1,1,1,1,1,1,1,1,1,1,1,1
"DISS-3192",3,1,1,1,1,1,1,2,1,1,1,1,1
"DISS-3192",4,2,1,1,5,5,1,1,1,1,1,1,1
"DISS-3192",5,2,1,2,1,1,1,1,1,1,1,1,1
"DISS-3192",6,1,1,1,1,1,1,1,1,1,1,1,1
"DISS-3192",7,2,3,2,4,6,1,1,1,1,1,1,1
"DISS-3193",1,2,2,1,3,4,2,1,1,1,1,1,1
"DISS-3193",2,1,1,1,3,3,2,1,1,2,1,1,1
"DISS-3193",3,2,1,2,1,1,1,1,1,2,1,1,1
"DISS-3193",4,1,1,1,4,2,1,1,1,2,1,1,1
"DISS-3193",5,2,1,1,3,2,1,1,1,2,1,1,1
"DISS-3193",6,2,1,2,1,1,1,1,1,2,1,1,1
"DISS-3193",7,3,1,2,1,1,1,1,1,2,1,1,1
"DISS-3194",1,3,2,2,4,3,2,1,1,1,1,1,1
"DISS-3194",2,1,1,2,1,1,1,1,1,1,1,1,1
"DISS-3194",3,2,1,2,1,1,1,1,1,1,1,1,1
"DISS-3194",4,1,1,2,1,1,2,1,1,1,1,1,1
"DISS-3194",5,1,1,2,1,1,1,1,1,1,1,1,1
"DISS-3194",6,3,2,2,3,3,3,1,1,1,1,1,1
"DISS-3194",7,3,2,2,4,1,1,1,1,1,1,1,1
"DISS-3195",1,2,1,1,4,4,4,1,2,1,1,1,1
"DISS-3195",2,NA,NA,NA,NA,NA,NA,NA,NA,NA,NA,NA,NA
"DISS-3195",3,1,1,1,1,1,1,1,1,1,1,1,1
"DISS-3195",4,1,1,1,1,1,1,1,1,1,1,1,1
"DISS-3195",5,1,1,1,1,1,1,1,1,1,1,1,1
"DISS-3195",6,2,2,2,4,4,4,2,1,1,3,2,2
"DISS-3195",7,2,1,2,2,2,2,2,2,2,1,2,2
"DISS-3196",1,2,1,2,1,1,1,1,1,1,1,1,1
"DISS-3196",2,2,2,1,1,1,1,1,1,1,1,1,1
"DISS-3196",3,3,2,2,2,3,1,1,1,1,1,1,1
"DISS-3196",4,3,2,1,3,2,3,1,1,1,1,1,1
"DISS-3196",5,NA,NA,NA,NA,NA,NA,NA,NA,NA,NA,NA,NA
"DISS-3196",6,NA,NA,NA,NA,NA,NA,NA,NA,NA,NA,NA,NA
"DISS-3196",7,NA,NA,NA,NA,NA,NA,NA,NA,NA,NA,NA,NA
"DISS-3197",1,2,1,3,2,2,2,1,1,1,1,1,1
"DISS-3197",2,2,2,3,3,2,4,3,2,1,3,2,1
"DISS-3197",3,2,1,3,2,2,1,1,1,1,1,1,1
"DISS-3197",4,1,1,3,1,1,1,1,1,1,1,1,1
"DISS-3197",5,2,1,3,1,1,1,1,2,1,1,1,1
"DISS-3197",6,1,1,3,2,1,3,2,1,1,1,1,1
"DISS-3197",7,1,1,3,3,3,1,1,1,1,1,1,1
"DISS-3198",1,1,1,1,1,1,1,1,1,1,1,1,1
"DISS-3198",2,1,1,1,1,1,1,2,1,1,1,1,1
"DISS-3198",3,4,4,4,7,1,3,5,5,1,1,1,1
"DISS-3198",4,1,1,1,1,1,1,1,1,1,1,1,1
"DISS-3198",5,1,1,1,1,1,1,1,1,1,1,1,1
"DISS-3198",6,1,1,1,1,1,1,1,1,1,1,1,1
"DISS-3198",7,1,1,1,1,1,1,1,1,1,1,1,1
"DISS-3199",1,2,2,2,4,4,4,2,1,1,1,1,1
"DISS-3199",2,1,1,1,4,4,4,2,1,1,1,1,1
"DISS-3199",3,1,2,2,4,4,4,2,2,2,1,2,2
"DISS-3199",4,1,1,1,1,1,1,1,1,1,1,1,1
"DISS-3199",5,1,1,1,2,2,2,1,1,1,1,1,1
"DISS-3199",6,1,1,1,2,2,2,2,1,1,1,1,1
"DISS-3199",7,1,1,1,1,1,1,1,1,1,1,1,1
"DISS-3200",1,2,2,2,2,1,1,3,2,3,1,1,2
"DISS-3200",2,1,1,2,1,1,1,1,1,1,1,1,1
"DISS-3200",3,2,2,4,1,1,1,1,1,1,1,1,1
"DISS-3200",4,2,1,3,2,1,1,1,1,1,1,1,1
"DISS-3200",5,3,1,2,1,1,1,1,1,1,1,1,1
"DISS-3200",6,3,3,1,2,1,1,1,1,2,1,1,1
"DISS-3200",7,2,1,2,3,3,1,1,1,1,1,1,1
"DISS-3201",1,1,1,1,1,1,1,2,1,1,2,2,1
"DISS-3201",2,2,4,1,4,4,4,3,2,1,4,3,3
"DISS-3201",3,1,1,1,3,2,2,1,1,1,1,1,1
"DISS-3201",4,1,2,2,4,4,4,1,1,1,2,1,1
"DISS-3201",5,2,1,1,4,1,1,1,1,1,1,1,1
"DISS-3201",6,1,1,1,1,1,1,1,1,1,1,1,1
"DISS-3201",7,1,1,1,1,1,1,1,1,1,1,1,1
"DISS-3202",1,1,1,1,2,5,2,1,1,1,1,1,1
"DISS-3202",2,1,2,1,5,2,4,1,1,1,1,1,1
"DISS-3202",3,1,1,1,1,1,1,1,1,1,1,1,1
"DISS-3202",4,1,1,2,1,1,1,3,4,4,5,3,5
"DISS-3202",5,2,2,2,2,2,1,3,3,3,4,4,4
"DISS-3202",6,1,1,1,2,1,1,1,2,1,1,2,2
"DISS-3202",7,2,2,2,2,2,3,2,2,3,3,2,2
"DISS-3203",1,1,1,1,3,1,1,1,1,1,1,1,1
"DISS-3203",2,1,1,2,3,2,3,2,1,1,1,2,2
"DISS-3203",3,2,2,1,3,1,1,2,4,2,3,1,2
"DISS-3203",4,2,2,2,3,2,2,2,2,1,3,1,1
"DISS-3203",5,1,2,1,4,1,1,1,1,1,1,1,1
"DISS-3203",6,1,1,1,1,1,1,1,1,1,1,1,1
"DISS-3203",7,1,1,1,1,1,1,1,1,1,1,1,1
"DISS-3204",1,1,1,1,3,5,3,2,1,1,1,1,1
"DISS-3204",2,2,1,2,2,3,2,2,1,1,1,1,1
"DISS-3204",3,1,1,1,2,3,2,2,1,2,2,1,1
"DISS-3204",4,1,1,1,2,3,3,2,1,1,1,1,1
"DISS-3204",5,1,2,1,1,1,1,2,1,1,2,1,1
"DISS-3204",6,1,2,2,4,4,2,2,1,1,2,1,1
"DISS-3204",7,1,1,1,1,2,1,2,1,1,1,1,1
"DISS-3205",1,1,1,1,1,1,1,2,1,2,2,2,1
"DISS-3205",2,1,1,1,4,4,4,2,3,2,1,1,1
"DISS-3205",3,2,1,1,4,4,5,1,1,1,2,1,1
"DISS-3205",4,NA,NA,NA,NA,NA,NA,NA,NA,NA,NA,NA,NA
"DISS-3205",5,1,1,1,3,3,4,2,1,1,3,2,1
"DISS-3205",6,NA,NA,NA,NA,NA,NA,NA,NA,NA,NA,NA,NA
"DISS-3205",7,1,1,1,1,1,1,1,1,1,1,1,1
"DISS-3206",1,NA,NA,NA,NA,NA,NA,NA,NA,NA,NA,NA,NA
"DISS-3206",2,4,4,3,6,4,5,5,4,5,3,3,4
"DISS-3206",3,NA,NA,NA,NA,NA,NA,NA,NA,NA,NA,NA,NA
"DISS-3206",4,3,3,2,4,6,7,3,3,4,4,2,2
"DISS-3206",5,3,2,2,3,2,2,2,1,1,1,1,1
"DISS-3206",6,2,2,2,6,7,6,2,1,1,1,1,1
"DISS-3206",7,2,3,3,5,5,5,3,1,2,2,1,1
"DISS-3207",1,4,3,2,4,2,3,4,4,4,4,2,2
"DISS-3207",2,2,2,4,6,6,6,3,4,4,4,3,3
"DISS-3207",3,2,2,3,5,5,5,3,2,2,1,1,1
"DISS-3207",4,2,2,4,4,4,6,3,4,4,2,1,1
"DISS-3207",5,3,3,4,6,5,6,2,2,2,1,1,1
"DISS-3207",6,2,3,4,6,5,6,2,3,3,1,1,1
"DISS-3207",7,2,4,4,7,7,7,5,5,5,5,5,5
"DISS-3208",1,4,4,4,3,3,6,2,5,5,5,5,5
"DISS-3208",2,1,4,4,7,7,7,5,4,5,5,5,5
"DISS-3208",3,4,4,4,7,7,7,2,5,5,5,2,5
"DISS-3208",4,1,1,2,7,7,7,5,5,5,5,5,5
"DISS-3208",5,2,2,1,6,6,6,5,5,5,5,5,5
"DISS-3208",6,1,1,1,1,1,1,5,5,5,5,5,5
"DISS-3208",7,2,1,1,4,4,4,5,5,5,5,5,5
"DISS-3209",1,4,4,4,6,5,7,4,4,5,4,3,3
"DISS-3209",2,2,2,2,6,4,5,2,1,1,1,1,1
"DISS-3209",3,2,2,1,6,5,5,1,1,1,1,1,1
"DISS-3209",4,4,4,4,7,5,6,5,3,4,4,2,2
"DISS-3209",5,2,3,4,6,6,7,2,2,2,2,3,1
"DISS-3209",6,4,4,4,7,5,7,4,5,3,3,2,3
"DISS-3209",7,1,2,2,4,5,5,2,2,1,1,1,1
"DISS-3210",1,NA,NA,NA,NA,NA,NA,NA,NA,NA,NA,NA,NA
"DISS-3210",2,2,2,2,5,3,3,1,1,1,1,1,1
"DISS-3210",3,1,1,1,2,1,1,1,1,1,1,1,1
"DISS-3210",4,1,1,1,2,2,1,1,1,1,1,1,1
"DISS-3210",5,1,1,1,3,2,3,1,1,1,1,1,1
"DISS-3210",6,3,3,2,3,1,1,1,1,1,1,1,1
"DISS-3210",7,1,1,1,1,1,1,1,1,1,1,1,1
"DISS-3211",1,2,1,3,1,4,1,1,1,1,1,1,1
"DISS-3211",2,2,1,2,5,3,3,1,1,1,1,1,1
"DISS-3211",3,2,2,3,1,3,3,1,1,1,1,1,1
"DISS-3211",4,2,1,3,1,1,1,1,1,1,1,1,1
"DISS-3211",5,2,1,2,4,4,4,1,1,1,1,1,1
"DISS-3211",6,2,1,1,1,1,1,1,1,1,1,1,1
"DISS-3211",7,2,1,3,1,1,1,1,1,1,1,1,1
"DISS-3212",1,1,1,1,1,1,1,1,1,1,1,1,1
"DISS-3212",2,3,1,3,5,7,6,2,2,2,1,2,1
"DISS-3212",3,2,1,1,3,2,2,2,2,1,1,2,1
"DISS-3212",4,2,1,2,1,1,1,1,1,1,1,1,1
"DISS-3212",5,2,1,2,1,1,1,1,1,1,1,1,1
"DISS-3212",6,1,2,2,1,1,1,1,1,1,1,1,1
"DISS-3212",7,2,2,2,3,3,3,1,1,1,1,1,1
"DISS-3213",1,2,2,2,1,1,1,1,1,1,1,1,1
"DISS-3213",2,3,1,1,1,1,1,1,1,1,1,1,1
"DISS-3213",3,2,1,1,4,4,4,3,2,2,2,3,3
"DISS-3213",4,1,1,1,1,1,1,1,1,1,1,1,1
"DISS-3213",5,NA,NA,NA,NA,NA,NA,NA,NA,NA,NA,NA,NA
"DISS-3213",6,NA,NA,NA,NA,NA,NA,NA,NA,NA,NA,NA,NA
"DISS-3213",7,NA,NA,NA,NA,NA,NA,NA,NA,NA,NA,NA,NA
"DISS-3214",1,NA,NA,NA,NA,NA,NA,NA,NA,NA,NA,NA,NA
"DISS-3214",2,1,3,1,5,5,2,4,4,3,4,4,5
"DISS-3214",3,1,1,1,2,1,1,1,1,1,1,1,1
"DISS-3214",4,1,1,1,2,2,2,1,1,1,3,3,3
"DISS-3214",5,1,1,1,6,6,4,1,1,1,1,1,1
"DISS-3214",6,1,1,2,5,1,1,1,1,1,1,1,1
"DISS-3214",7,1,1,1,1,1,1,1,1,1,1,1,1
"DISS-3215",1,1,2,2,2,3,3,1,1,1,1,1,1
"DISS-3215",2,2,2,2,2,3,2,1,1,1,1,1,1
"DISS-3215",3,2,2,2,2,3,2,2,1,1,1,1,1
"DISS-3215",4,2,2,2,2,2,2,1,1,1,1,1,1
"DISS-3215",5,2,1,2,2,2,2,3,1,1,2,1,2
"DISS-3215",6,2,2,2,2,2,2,1,1,1,1,1,1
"DISS-3215",7,2,2,2,2,2,2,1,1,1,1,1,1
"DISS-3216",1,2,1,3,2,2,1,1,1,1,1,1,1
"DISS-3216",2,3,1,3,5,4,2,2,2,1,2,1,2
"DISS-3216",3,1,1,1,1,1,1,1,1,1,1,1,1
"DISS-3216",4,2,1,1,2,2,2,1,1,1,1,1,1
"DISS-3216",5,3,1,2,2,4,3,2,2,1,1,1,1
"DISS-3216",6,1,1,1,1,1,1,1,1,1,1,1,1
"DISS-3216",7,1,1,1,3,1,1,1,1,1,1,1,1
"DISS-3217",1,2,3,3,4,3,3,2,1,1,1,1,1
"DISS-3217",2,1,1,1,3,3,2,1,1,1,1,1,1
"DISS-3217",3,1,1,2,4,4,2,1,1,1,1,1,1
"DISS-3217",4,1,1,1,5,5,5,2,2,2,4,1,3
"DISS-3217",5,1,1,1,2,1,2,1,1,1,1,1,1
"DISS-3217",6,1,1,2,3,3,2,1,1,1,1,1,1
"DISS-3217",7,1,3,3,5,5,5,1,2,2,2,2,2
"DISS-3218",1,1,1,1,3,2,2,1,2,1,2,2,2
"DISS-3218",2,1,1,1,1,1,1,1,2,1,2,2,1
"DISS-3218",3,2,2,2,4,4,3,4,1,3,5,1,2
"DISS-3218",4,1,1,1,5,3,5,3,1,1,2,1,1
"DISS-3218",5,1,1,1,1,1,1,1,1,1,1,1,1
"DISS-3218",6,1,1,2,2,2,2,2,2,3,1,1,3
"DISS-3218",7,1,1,2,2,1,1,1,1,2,1,1,1
"DISS-3219",1,2,1,1,5,4,4,1,1,1,1,1,1
"DISS-3219",2,1,1,2,1,2,1,1,1,3,3,3,1
"DISS-3219",3,3,3,3,4,4,4,1,3,2,2,3,3
"DISS-3219",4,3,2,3,1,1,3,1,2,1,1,1,1
"DISS-3219",5,1,1,2,4,4,4,1,1,3,3,1,1
"DISS-3219",6,1,1,1,4,4,5,2,1,1,1,1,1
"DISS-3219",7,1,2,1,1,1,1,1,1,1,3,2,1
"DISS-3220",1,2,1,2,2,1,1,1,1,1,1,1,1
"DISS-3220",2,2,1,2,5,5,5,1,1,1,1,1,1
"DISS-3220",3,3,3,2,2,6,2,1,4,2,3,3,3
"DISS-3220",4,NA,NA,NA,NA,NA,NA,NA,NA,NA,NA,NA,NA
"DISS-3220",5,2,2,1,4,4,4,1,1,1,1,1,1
"DISS-3220",6,1,1,1,1,1,1,1,1,1,1,1,1
"DISS-3220",7,1,1,2,4,4,4,1,1,1,1,1,1
"DISS-3221",1,2,1,1,1,1,1,1,1,1,1,1,1
"DISS-3221",2,1,1,1,1,1,1,1,1,1,1,1,1
"DISS-3221",3,2,2,4,1,1,1,3,1,1,1,1,1
"DISS-3221",4,4,4,4,7,7,7,5,1,5,2,1,1
"DISS-3221",5,1,1,1,1,1,1,1,1,1,1,1,1
"DISS-3221",6,1,1,1,1,1,1,1,1,1,1,1,1
"DISS-3221",7,1,1,1,1,1,1,1,1,1,1,1,1
"DISS-3222",1,3,3,2,4,2,2,3,2,3,3,1,1
"DISS-3222",2,4,3,3,5,5,5,5,5,5,4,3,3
"DISS-3222",3,4,4,4,6,6,6,5,5,5,5,5,5
"DISS-3222",4,4,4,4,5,5,6,5,5,5,5,4,5
"DISS-3222",5,4,4,4,5,5,5,5,5,5,5,5,4
"DISS-3222",6,2,2,2,2,2,2,2,2,2,1,1,1
"DISS-3222",7,3,2,2,4,3,3,1,1,1,1,1,1
"DISS-3223",1,NA,NA,NA,NA,NA,NA,NA,NA,NA,NA,NA,NA
"DISS-3223",2,3,3,4,7,7,7,4,4,4,4,4,4
"DISS-3223",3,3,3,3,5,5,6,3,3,3,3,3,3
"DISS-3223",4,3,2,4,7,7,7,3,3,3,3,3,3
"DISS-3223",5,3,2,4,3,3,3,3,5,5,3,3,3
"DISS-3223",6,3,3,3,5,5,5,4,4,4,4,4,4
"DISS-3223",7,3,3,2,7,7,7,3,3,3,3,3,3
"DISS-3224",1,1,1,2,3,3,3,2,1,1,1,1,1
"DISS-3224",2,1,1,1,1,1,1,1,1,1,1,1,1
"DISS-3224",3,1,1,1,4,4,4,1,1,1,1,1,1
"DISS-3224",4,1,1,1,5,4,5,1,1,1,1,1,1
"DISS-3224",5,2,1,2,4,3,4,2,1,1,1,1,1
"DISS-3224",6,2,2,2,4,4,4,2,1,1,1,1,1
"DISS-3224",7,1,1,1,2,2,2,1,1,1,1,1,1
"DISS-3225",1,1,1,1,7,7,7,1,1,1,1,1,1
"DISS-3225",2,1,2,2,1,1,1,1,1,1,1,1,1
"DISS-3225",3,1,1,1,4,1,4,1,1,1,1,1,1
"DISS-3225",4,1,1,1,6,4,4,1,1,1,1,2,1
"DISS-3225",5,2,1,1,1,1,1,1,1,1,1,1,1
"DISS-3225",6,2,3,1,6,5,5,1,1,1,1,1,1
"DISS-3225",7,2,1,3,5,5,3,1,1,1,1,1,1
"DISS-3226",1,3,3,3,6,6,5,1,1,2,1,1,1
"DISS-3226",2,2,1,3,6,2,5,1,1,1,1,1,1
"DISS-3226",3,2,1,1,1,1,1,1,1,1,2,1,1
"DISS-3226",4,2,1,2,4,4,4,1,1,1,1,1,1
"DISS-3226",5,1,1,1,3,3,3,1,1,1,1,1,1
"DISS-3226",6,1,1,2,3,3,2,1,1,1,1,1,1
"DISS-3226",7,1,1,1,2,2,2,1,1,1,1,1,1
"DISS-3227",1,3,1,2,1,4,4,1,2,2,2,1,1
"DISS-3227",2,2,2,2,4,4,4,2,2,3,3,2,2
"DISS-3227",3,3,1,2,2,2,2,1,1,2,1,1,1
"DISS-3227",4,1,1,3,2,2,2,2,1,1,1,1,1
"DISS-3227",5,2,2,2,1,1,1,2,2,2,2,2,2
"DISS-3227",6,1,1,1,1,1,1,1,1,1,1,1,1
"DISS-3227",7,2,2,2,4,4,4,1,1,1,1,1,1
"DISS-3228",1,NA,NA,NA,NA,NA,NA,NA,NA,NA,NA,NA,NA
"DISS-3228",2,2,2,2,3,3,2,1,2,1,5,1,1
"DISS-3228",3,1,1,3,4,7,1,2,5,3,5,1,4
"DISS-3228",4,1,1,3,1,1,1,1,1,1,4,2,1
"DISS-3228",5,1,1,1,1,1,1,1,1,1,1,1,1
"DISS-3228",6,4,2,3,6,3,1,1,3,1,4,1,2
"DISS-3228",7,1,1,1,4,4,4,1,3,3,3,2,2
"DISS-3229",1,2,2,1,1,1,1,2,2,2,2,1,2
"DISS-3229",2,1,1,1,1,1,1,3,2,2,2,1,2
"DISS-3229",3,1,2,1,3,3,3,2,1,1,1,1,1
"DISS-3229",4,1,1,1,1,1,1,1,1,1,1,1,1
"DISS-3229",5,2,1,1,2,1,1,2,1,1,1,1,1
"DISS-3229",6,2,2,1,4,2,3,1,1,1,1,1,1
"DISS-3229",7,2,2,1,4,4,4,1,1,1,1,1,1
"DISS-3230",1,1,2,3,4,5,5,1,1,1,2,1,1
"DISS-3230",2,2,2,3,4,5,4,1,1,1,3,1,1
"DISS-3230",3,1,1,2,1,1,1,1,1,1,1,1,1
"DISS-3230",4,1,1,2,2,5,4,1,1,1,1,1,1
"DISS-3230",5,3,3,2,5,2,2,3,3,1,1,1,1
"DISS-3230",6,2,1,2,5,6,3,1,1,1,1,1,1
"DISS-3230",7,1,2,2,1,1,1,1,1,1,1,1,1
"DISS-3231",1,2,2,1,3,2,1,1,1,1,1,1,1
"DISS-3231",2,4,4,3,4,2,1,1,1,1,1,1,1
"DISS-3231",3,3,2,3,2,1,1,1,1,1,1,1,1
"DISS-3231",4,2,1,2,2,2,1,1,1,1,1,1,1
"DISS-3231",5,1,1,1,2,2,1,1,1,1,1,1,1
"DISS-3231",6,2,1,2,3,1,1,1,1,1,1,1,1
"DISS-3231",7,2,2,2,4,4,4,1,1,1,1,1,1
"DISS-3232",1,1,1,1,5,3,3,2,1,1,1,3,1
"DISS-3232",2,NA,NA,NA,NA,NA,NA,NA,NA,NA,NA,NA,NA
"DISS-3232",3,2,2,2,2,2,2,2,2,2,2,2,2
"DISS-3232",4,2,2,3,2,1,2,2,2,2,2,2,2
"DISS-3232",5,1,1,1,1,1,1,1,1,1,1,1,1
"DISS-3232",6,NA,NA,NA,NA,NA,NA,NA,NA,NA,NA,NA,NA
"DISS-3232",7,NA,NA,NA,NA,NA,NA,NA,NA,NA,NA,NA,NA
"DISS-3233",1,2,2,1,7,7,7,2,1,2,1,2,1
"DISS-3233",2,2,1,2,3,3,3,1,1,1,1,1,1
"DISS-3233",3,1,1,1,4,4,4,1,1,1,1,1,1
"DISS-3233",4,2,1,2,2,2,2,1,1,2,1,1,1
"DISS-3233",5,2,1,2,2,2,2,1,1,1,1,1,1
"DISS-3233",6,1,1,1,2,3,2,1,1,1,1,1,1
"DISS-3233",7,1,2,1,3,2,2,2,2,2,2,2,2
"DISS-3234",1,2,1,1,1,1,1,1,1,2,1,1,1
"DISS-3234",2,1,1,1,2,2,4,1,1,1,1,1,1
"DISS-3234",3,1,1,3,1,1,1,2,1,1,1,1,1
"DISS-3234",4,2,1,2,4,4,4,1,1,1,1,1,1
"DISS-3234",5,3,3,3,2,2,2,1,1,1,1,1,1
"DISS-3234",6,1,3,2,2,5,5,2,1,2,2,1,3
"DISS-3234",7,3,3,3,4,4,4,3,1,1,1,1,1
"DISS-3235",1,4,3,3,4,4,4,4,4,4,4,4,4
"DISS-3235",2,1,1,1,2,2,2,1,1,3,2,1,1
"DISS-3235",3,1,1,1,1,1,1,1,1,3,1,1,1
"DISS-3235",4,1,2,1,2,2,1,1,1,4,1,1,1
"DISS-3235",5,1,1,1,1,1,1,1,1,4,1,1,1
"DISS-3235",6,2,1,1,1,1,1,3,2,4,3,3,3
"DISS-3235",7,3,1,2,1,1,1,4,3,4,4,4,3
"DISS-3236",1,2,2,2,3,2,2,2,3,3,1,2,2
"DISS-3236",2,1,1,1,1,1,1,2,3,1,1,1,2
"DISS-3236",3,2,1,2,3,2,1,2,2,2,2,3,3
"DISS-3236",4,2,2,2,1,1,1,1,1,1,1,1,1
"DISS-3236",5,3,3,2,3,4,3,2,2,1,2,2,2
"DISS-3236",6,2,2,3,3,2,2,2,2,2,2,2,2
"DISS-3236",7,1,1,1,1,1,1,1,1,1,1,1,1
"DISS-3237",1,1,1,2,1,1,1,1,1,1,1,1,1
"DISS-3237",2,2,3,3,2,3,3,2,2,2,2,1,1
"DISS-3237",3,2,1,3,3,3,3,2,2,2,2,2,2
"DISS-3237",4,1,1,1,1,1,1,1,1,2,3,1,1
"DISS-3237",5,2,1,1,3,3,3,1,1,1,3,1,1
"DISS-3237",6,3,1,1,4,4,2,1,1,1,1,1,1
"DISS-3237",7,3,1,3,3,4,3,2,2,2,2,2,2
"DISS-3238",1,2,2,2,2,1,1,1,1,1,1,1,1
"DISS-3238",2,1,1,2,3,2,2,1,1,1,1,1,1
"DISS-3238",3,1,2,2,3,3,3,1,1,2,1,1,1
"DISS-3238",4,2,2,2,2,2,2,1,2,2,1,1,1
"DISS-3238",5,2,1,2,3,3,3,2,1,1,1,1,1
"DISS-3238",6,2,2,2,3,4,3,2,2,2,2,1,2
"DISS-3238",7,2,2,2,4,4,4,2,2,2,2,2,2
"DISS-3239",1,2,4,3,7,7,7,4,2,5,5,2,2
"DISS-3239",2,2,3,3,7,7,7,4,3,5,5,1,3
"DISS-3239",3,1,3,3,7,7,7,4,4,4,5,4,4
"DISS-3239",4,4,4,4,7,7,7,4,3,4,4,1,1
"DISS-3239",5,NA,NA,NA,NA,NA,NA,NA,NA,NA,NA,NA,NA
"DISS-3239",6,3,3,3,7,7,7,4,1,4,5,1,1
"DISS-3239",7,3,3,3,3,4,4,5,2,1,2,3,2
"DISS-3240",1,1,1,2,4,5,5,2,1,1,2,1,1
"DISS-3240",2,2,1,2,3,1,1,1,2,1,1,1,1
"DISS-3240",3,4,1,3,3,1,1,1,2,1,2,1,1
"DISS-3240",4,3,1,4,4,1,1,1,1,1,1,1,1
"DISS-3240",5,3,1,2,1,1,1,1,1,1,1,1,1
"DISS-3240",6,2,2,2,2,2,3,1,1,1,1,1,1
"DISS-3240",7,2,1,2,1,1,1,1,2,1,1,1,1
"DISS-3241",1,1,1,1,1,1,1,2,2,2,1,1,1
"DISS-3241",2,2,2,2,4,4,4,2,2,3,2,2,1
"DISS-3241",3,3,2,3,7,7,7,4,2,3,3,2,2
"DISS-3241",4,2,1,2,1,1,1,2,2,2,2,2,2
"DISS-3241",5,1,1,2,1,1,1,1,1,1,1,1,1
"DISS-3241",6,2,2,2,1,1,1,1,1,1,1,1,1
"DISS-3241",7,1,1,1,1,1,1,1,1,1,1,1,1
"DISS-3242",1,3,1,2,4,4,4,2,1,1,1,1,1
"DISS-3242",2,1,1,1,2,2,2,1,1,1,1,1,1
"DISS-3242",3,2,2,3,4,4,4,2,1,2,2,1,2
"DISS-3242",4,2,2,2,2,2,2,2,1,1,1,1,1
"DISS-3242",5,2,2,1,1,1,1,2,1,1,1,1,1
"DISS-3242",6,2,2,1,1,1,1,2,1,1,1,1,1
"DISS-3242",7,2,2,1,1,1,1,1,1,1,1,1,1
"DISS-3243",1,1,1,1,1,1,1,2,1,1,1,1,1
"DISS-3243",2,1,1,1,3,1,2,1,2,3,3,1,1
"DISS-3243",3,1,1,1,1,2,1,1,1,1,1,1,1
"DISS-3243",4,2,1,1,4,2,2,1,1,1,1,1,1
"DISS-3243",5,1,1,1,2,2,2,1,1,1,1,1,1
"DISS-3243",6,2,4,2,7,1,7,5,2,5,1,1,1
"DISS-3243",7,1,2,1,4,2,1,2,2,3,1,1,1
"DISS-3244",1,1,1,1,7,7,7,1,1,1,1,1,1
"DISS-3244",2,2,2,2,4,4,4,2,1,1,2,1,1
"DISS-3244",3,1,1,1,1,1,1,2,1,1,1,1,1
"DISS-3244",4,2,1,2,2,2,2,2,1,2,1,1,1
"DISS-3244",5,1,1,1,1,1,1,2,1,1,1,1,1
"DISS-3244",6,1,1,2,4,4,4,2,1,1,2,1,1
"DISS-3244",7,1,1,1,3,3,3,2,1,1,1,1,1
"DISS-3245",1,2,2,2,2,2,2,2,2,2,2,2,2
"DISS-3245",2,3,3,2,3,3,4,2,3,3,2,2,3
"DISS-3245",3,NA,NA,NA,NA,NA,NA,NA,NA,NA,NA,NA,NA
"DISS-3245",4,NA,NA,NA,NA,NA,NA,NA,NA,NA,NA,NA,NA
"DISS-3245",5,NA,NA,NA,NA,NA,NA,NA,NA,NA,NA,NA,NA
"DISS-3245",6,2,2,3,4,3,2,1,1,1,1,1,1
"DISS-3245",7,1,1,1,1,1,1,1,1,1,1,1,1
"DISS-3246",1,2,2,1,4,4,4,3,3,3,3,3,3
"DISS-3246",2,3,3,3,4,4,4,3,3,3,3,3,3
"DISS-3246",3,1,1,1,4,4,3,1,1,1,1,1,1
"DISS-3246",4,1,1,1,1,1,1,1,1,1,1,1,1
"DISS-3246",5,1,1,1,4,4,4,1,1,1,1,1,1
"DISS-3246",6,1,1,1,3,3,3,1,1,1,1,1,1
"DISS-3246",7,1,1,1,4,4,4,1,1,1,1,1,1
"DISS-3247",1,1,1,1,5,6,6,3,1,1,1,1,1
"DISS-3247",2,3,2,1,6,2,4,1,1,1,1,1,1
"DISS-3247",3,1,1,1,6,5,5,1,1,1,1,1,1
"DISS-3247",4,1,1,1,3,3,3,1,1,1,1,1,1
"DISS-3247",5,2,2,1,4,4,4,1,1,1,1,1,1
"DISS-3247",6,1,1,1,3,3,4,1,1,1,1,1,1
"DISS-3247",7,1,1,1,3,5,4,1,1,1,1,1,1
"DISS-3248",1,3,2,3,4,5,5,1,2,3,1,2,2
"DISS-3248",2,2,1,3,5,5,2,1,1,1,1,1,1
"DISS-3248",3,2,1,2,5,2,2,1,1,1,1,1,1
"DISS-3248",4,2,2,3,2,2,6,1,2,1,3,1,2
"DISS-3248",5,2,2,3,1,4,4,1,1,2,1,1,1
"DISS-3248",6,2,2,4,5,5,5,1,3,3,3,2,2
"DISS-3248",7,2,2,2,4,4,4,1,1,3,1,2,2
"DISS-3249",1,1,1,1,6,5,5,3,1,1,1,1,1
"DISS-3249",2,1,1,1,1,1,1,1,1,1,1,1,1
"DISS-3249",3,1,2,1,6,1,6,3,1,1,1,1,1
"DISS-3249",4,1,2,2,5,1,5,1,1,1,1,1,1
"DISS-3249",5,1,2,1,4,1,4,2,1,1,1,1,1
"DISS-3249",6,1,1,3,4,1,4,2,1,1,1,1,1
"DISS-3249",7,1,1,1,4,4,4,1,1,1,1,1,1
"DISS-3250",1,2,1,2,4,5,5,5,3,3,5,2,3
"DISS-3250",2,3,3,2,7,6,7,5,5,5,5,5,5
"DISS-3250",3,3,4,3,6,7,7,5,5,5,5,5,5
"DISS-3250",4,3,4,3,7,7,7,5,2,5,5,3,3
"DISS-3250",5,1,1,1,6,6,6,5,5,5,5,5,5
"DISS-3250",6,2,2,2,7,7,7,5,3,5,5,5,5
"DISS-3250",7,2,3,2,7,7,7,5,5,5,5,5,5
"DISS-3251",1,4,1,4,5,6,2,1,1,1,1,1,1
"DISS-3251",2,4,1,1,1,1,1,1,1,1,1,1,1
"DISS-3251",3,4,2,4,3,1,1,2,2,4,2,5,5
"DISS-3251",4,3,1,3,1,1,1,1,1,1,1,2,1
"DISS-3251",5,1,1,1,1,1,1,1,1,1,1,1,1
"DISS-3251",6,2,1,2,1,1,1,1,1,1,1,1,1
"DISS-3251",7,NA,NA,NA,NA,NA,NA,NA,NA,NA,NA,NA,NA
"DISS-3252",1,1,1,2,3,4,4,1,1,1,1,1,1
"DISS-3252",2,1,1,1,2,2,2,1,2,1,1,1,1
"DISS-3252",3,2,2,2,4,3,3,2,2,2,2,2,2
"DISS-3252",4,2,2,2,4,4,3,2,2,2,2,2,2
"DISS-3252",5,2,2,2,3,3,3,2,2,2,2,2,2
"DISS-3252",6,2,2,2,4,3,3,2,2,2,2,1,1
"DISS-3252",7,1,1,2,3,3,3,1,1,1,1,1,1
"DISS-3253",1,1,1,1,2,4,2,1,1,1,1,1,1
"DISS-3253",2,1,1,1,5,5,5,1,1,1,1,1,1
"DISS-3253",3,1,1,2,3,4,5,2,1,1,1,1,1
"DISS-3253",4,1,1,1,4,4,2,1,1,1,1,1,1
"DISS-3253",5,2,1,1,2,4,4,2,1,1,2,1,1
"DISS-3253",6,1,2,1,4,4,4,3,2,2,3,1,2
"DISS-3253",7,2,2,2,4,4,4,3,1,2,2,1,1
"DISS-3254",1,2,1,2,4,4,3,1,1,1,1,1,1
"DISS-3254",2,2,2,1,4,4,3,2,2,2,2,1,1
"DISS-3254",3,1,1,1,4,4,4,1,1,1,1,1,1
"DISS-3254",4,2,2,2,3,3,3,1,1,1,1,1,1
"DISS-3254",5,1,2,2,3,3,3,2,2,2,2,2,2
"DISS-3254",6,2,2,2,4,4,3,2,2,2,2,1,1
"DISS-3254",7,1,1,1,4,4,3,1,2,2,2,1,1
"DISS-3255",1,1,1,1,3,1,2,2,1,1,1,1,1
"DISS-3255",2,2,3,3,4,4,4,2,2,2,1,2,1
"DISS-3255",3,2,2,2,2,1,1,1,1,1,1,1,1
"DISS-3255",4,2,1,1,2,2,2,1,1,1,1,1,1
"DISS-3255",5,4,2,3,2,2,1,1,1,1,1,1,1
"DISS-3255",6,4,2,2,2,3,2,1,1,1,1,1,1
"DISS-3255",7,2,2,2,2,2,2,2,1,1,1,1,1
"DISS-3256",1,1,1,1,4,2,2,1,1,1,1,1,1
"DISS-3256",2,2,1,2,4,3,3,2,2,2,2,2,2
"DISS-3256",3,2,1,2,3,3,2,2,2,2,3,2,2
"DISS-3256",4,2,1,3,2,2,2,1,1,1,1,1,1
"DISS-3256",5,1,1,1,6,3,3,2,1,2,2,1,1
"DISS-3256",6,1,2,2,5,5,5,1,1,2,1,1,2
"DISS-3256",7,2,1,2,3,2,2,1,1,2,1,2,1
"DISS-3257",1,1,1,2,4,4,4,2,2,2,2,2,2
"DISS-3257",2,1,1,2,2,2,3,2,1,1,1,1,1
"DISS-3257",3,2,1,2,2,2,1,3,2,3,3,2,5
"DISS-3257",4,1,1,3,3,2,2,2,1,1,1,1,1
"DISS-3257",5,4,1,4,3,2,1,3,2,2,3,3,5
"DISS-3257",6,1,2,1,2,1,1,1,1,1,2,1,1
"DISS-3257",7,2,1,1,2,2,1,1,1,1,1,1,1
"DISS-3258",1,1,1,1,1,1,1,1,1,1,1,1,1
"DISS-3258",2,2,1,1,2,1,1,1,1,1,1,1,1
"DISS-3258",3,3,2,3,1,1,1,1,1,1,1,1,1
"DISS-3258",4,3,2,2,5,1,2,2,1,2,1,1,1
"DISS-3258",5,1,2,1,5,2,3,2,2,2,3,1,2
"DISS-3258",6,1,1,1,1,1,1,1,1,1,1,1,1
"DISS-3258",7,3,3,1,5,4,4,3,5,3,2,4,4
"DISS-3259",1,3,2,4,7,4,6,4,5,4,4,5,4
"DISS-3259",2,NA,NA,NA,NA,NA,NA,NA,NA,NA,NA,NA,NA
"DISS-3259",3,4,1,4,7,7,7,5,4,4,4,4,5
"DISS-3259",4,4,2,2,7,7,4,5,5,4,1,3,2
"DISS-3259",5,4,3,3,5,5,4,4,5,4,4,5,4
"DISS-3259",6,4,2,3,4,6,6,4,4,4,4,5,4
"DISS-3259",7,3,3,3,5,6,6,3,5,4,4,3,5
"DISS-3260",1,NA,NA,NA,NA,NA,NA,NA,NA,NA,NA,NA,NA
"DISS-3260",2,1,1,1,4,2,2,1,1,1,1,1,1
"DISS-3260",3,1,1,2,1,1,1,4,1,1,1,1,4
"DISS-3260",4,3,3,2,4,5,5,1,3,3,1,2,3
"DISS-3260",5,3,3,4,4,4,5,2,3,4,1,2,2
"DISS-3260",6,1,1,2,1,1,1,1,2,1,1,1,1
"DISS-3260",7,NA,NA,NA,NA,NA,NA,NA,NA,NA,NA,NA,NA
"DISS-3261",1,4,2,4,4,1,2,1,3,2,3,1,1
"DISS-3261",2,3,2,3,4,1,4,1,4,4,1,1,1
"DISS-3261",3,3,2,3,4,4,4,1,1,1,1,1,1
"DISS-3261",4,4,2,4,1,1,1,1,3,1,1,1,1
"DISS-3261",5,4,2,4,1,1,1,1,3,1,1,2,2
"DISS-3261",6,3,2,3,1,4,4,2,3,2,1,3,2
"DISS-3261",7,4,1,3,1,1,1,1,2,1,1,2,2
"DISS-3262",1,3,2,2,6,3,5,3,3,5,3,3,4
"DISS-3262",2,3,3,1,1,1,2,2,2,1,1,1,1
"DISS-3262",3,4,4,3,2,1,4,3,2,1,1,2,5
"DISS-3262",4,3,3,4,1,1,1,2,3,5,2,3,4
"DISS-3262",5,2,1,2,1,1,1,2,1,3,1,1,1
"DISS-3262",6,2,1,2,1,1,2,1,2,3,1,1,2
"DISS-3262",7,1,1,2,1,1,1,1,1,1,1,1,1
"DISS-3263",1,3,3,3,7,7,7,3,3,3,3,3,3
"DISS-3263",2,3,3,3,1,1,1,1,1,1,1,1,1
"DISS-3263",3,2,2,3,2,2,2,3,3,3,1,1,1
"DISS-3263",4,1,1,3,1,1,1,1,1,1,1,1,1
"DISS-3263",5,1,1,1,1,1,1,1,1,1,1,1,1
"DISS-3263",6,NA,NA,NA,NA,NA,NA,NA,NA,NA,NA,NA,NA
"DISS-3263",7,2,2,2,4,4,4,2,3,1,1,1,1
"DISS-3264",1,1,2,2,5,5,4,2,1,2,2,2,2
"DISS-3264",2,2,2,2,5,5,5,2,2,2,2,2,2
"DISS-3264",3,1,1,1,1,1,1,1,1,1,2,2,2
"DISS-3264",4,3,4,4,6,7,7,4,4,4,5,4,4
"DISS-3264",5,1,1,2,1,1,1,1,1,1,1,1,1
"DISS-3264",6,3,2,1,1,1,4,3,4,4,4,4,4
"DISS-3264",7,1,1,1,1,1,1,1,1,1,1,1,1
"DISS-3265",1,2,1,2,4,2,2,1,1,1,1,1,1
"DISS-3265",2,3,1,3,1,3,2,1,1,1,1,1,1
"DISS-3265",3,1,2,2,2,2,2,2,2,1,2,3,2
"DISS-3265",4,2,1,2,4,4,4,3,2,1,1,2,1
"DISS-3265",5,2,2,2,5,4,5,2,1,1,2,2,1
"DISS-3265",6,2,1,2,2,4,3,1,1,1,1,1,1
"DISS-3265",7,2,2,2,4,2,2,1,1,1,1,1,1
"DISS-3266",1,3,2,3,4,6,6,2,1,4,2,1,2
"DISS-3266",2,3,2,2,4,4,4,3,3,2,3,1,2
"DISS-3266",3,2,1,2,1,1,1,1,1,2,3,1,1
"DISS-3266",4,2,1,2,1,1,1,2,1,2,1,1,1
"DISS-3266",5,2,1,2,3,3,3,1,1,3,1,1,1
"DISS-3266",6,1,1,1,2,2,2,2,2,2,2,1,1
"DISS-3266",7,NA,NA,NA,NA,NA,NA,NA,NA,NA,NA,NA,NA
"DISS-3267",1,3,1,1,4,4,4,3,2,1,1,2,2
"DISS-3267",2,2,2,1,1,1,3,1,2,2,2,2,2
"DISS-3267",3,NA,NA,NA,NA,NA,NA,NA,NA,NA,NA,NA,NA
"DISS-3267",4,1,1,1,4,2,2,1,1,1,1,1,1
"DISS-3267",5,2,2,2,1,5,4,1,1,1,1,1,2
"DISS-3267",6,1,2,1,4,6,5,1,1,2,4,1,1
"DISS-3267",7,3,2,3,4,5,5,2,3,1,2,5,5
