"id","sex","major","haveCat","haveDog","heightCM","yearsInUni","extraversion","optimism","gratitude","foodPreference","spicyTolerance","ladderRank","fomo","conflictAvoidance","happiness","stress","tiktokLiking","chatgptLiking","memeKnowledge","cognitiveAbility"
1,"M","PSYC","Yes","No",176,4,5,3,3,"Koufu",4,4,5,3,4,6,3,2,4,5
2,"F","POSC","No","No",160,4,4,3,6,"Koufu",3,3,4,5,5,4,4,4,4,5
3,"F","SOCG","No","No",159,4,4,2,7,"Connexion",3,3,1,4,4,4,3,2,3,5
4,"F","PSYC","No","No",163,3,4,2,5,"Funan",3,4,3,5,3,5,4,3,4,4
5,"F","SOCG","No","Yes",170,2,4,5,3,"Connexion",3,5,5,4,4,4,3,5,3,2
6,"M","PSYC","No","No",171,4,4,3,4,"Koufu",2,6,5,5,4,4,3,4,3,4
7,"M","SOCG","No","Yes",169,2,5,5,3,"Connexion",3,7,5,3,4,4,4,4,4,4
8,"M","PSYC","Yes","No",171,3,4,4,4,"Connexion",4,6,4,4,5,4,4,5,4,3
9,"F","PSYC","No","No",155,2,3,3,5,"Koufu",3,2,3,5,4,4,4,3,4,5
10,"F","PSYC","No","No",154,2,3,4,5,"Connexion",3,5,3,5,4,3,3,4,3,4
11,"M","PSYC","No","No",179,1,4,6,4,"Connexion",3,8,3,4,6,1,4,4,4,5
12,"M","SOCG","No","Yes",182,4,6,5,4,"Koufu",2,7,5,5,6,4,3,5,3,3
13,"F","POSC","No","No",168,2,3,5,5,"Funan",3,5,4,5,5,4,4,5,4,3
14,"M","POSC","No","No",185,5,6,4,4,"Funan",5,5,3,2,5,6,1,3,2,3
15,"F","POSC","No","Yes",162,2,4,4,5,"Connexion",2,6,4,6,5,4,2,4,2,2
16,"F","SOCG","No","No",160,2,4,4,4,"Funan",4,5,3,4,4,4,3,2,3,5
17,"F","SOCG","Yes","No",165,2,3,4,5,"Koufu",3,4,4,4,3,4,4,4,4,4
18,"F","PSYC","No","No",160,1,3,5,5,"Funan",5,4,4,4,3,2,4,3,4,5
19,"M","POSC","No","No",171,3,5,5,3,"Connexion",3,7,5,4,4,4,5,5,5,4
20,"F","PSYC","No","No",162,3,4,4,6,"Connexion",4,4,3,4,4,4,3,3,3,4
21,"F","PSYC","No","Yes",162,3,4,4,4,"Koufu",3,5,3,5,4,4,4,2,4,6
22,"F","PSYC","No","No",169,1,3,5,4,"Connexion",2,5,3,6,4,3,4,4,4,4
23,"M","PSYC","No","No",169,4,5,4,3,"Connexion",3,6,5,4,5,5,3,3,3,4
24,"F","PSYC","No","No",159,3,3,4,4,"Koufu",3,6,3,5,5,4,3,4,3,4
25,"F","POSC","No","Yes",168,3,4,4,4,"Koufu",3,4,4,5,4,5,5,4,5,5
26,"M","PSYC","Yes","No",176,4,4,4,4,"Funan",5,6,4,3,5,4,4,4,4,5
27,"M","POSC","Yes","No",178,4,6,5,3,"Connexion",4,7,5,3,5,5,4,5,4,4
28,"F","SOCG","No","Yes",145,3,3,4,4,"Funan",5,4,4,4,3,3,4,3,4,5
29,"M","PSYC","Yes","No",184,1,4,6,3,"Koufu",4,7,5,4,5,3,3,4,4,4
30,"M","SOCG","No","No",179,4,5,5,3,"Funan",5,6,4,2,5,4,3,4,3,4
31,"F","PSYC","Yes","No",166,2,3,4,5,"Funan",6,5,3,3,4,4,3,5,3,2
32,"M","POSC","Yes","No",179,2,4,5,3,"Connexion",3,6,4,4,4,4,3,3,4,5
33,"M","PSYC","No","No",180,1,4,6,2,"Koufu",4,8,7,4,4,3,5,6,5,3
34,"F","PSYC","No","No",165,2,3,5,5,"Koufu",2,6,4,6,4,3,3,3,3,4
35,"F","SOCG","No","No",156,2,3,4,5,"Connexion",3,5,3,5,5,4,5,4,5,5
36,"M","PSYC","No","No",175,3,5,4,3,"Funan",5,6,5,3,5,4,4,5,4,3
37,"F","POSC","No","No",163,3,4,4,6,"Funan",5,4,3,4,4,3,4,4,4,5
38,"F","PSYC","Yes","No",177,4,4,3,5,"Connexion",2,5,3,6,5,4,3,4,3,4
39,"M","PSYC","No","No",181,3,4,4,3,"Connexion",2,4,5,6,3,3,5,5,5,4
40,"M","PSYC","No","No",178,4,5,5,3,"Koufu",2,6,5,5,4,4,3,5,3,3
41,"F","PSYC","No","No",159,4,4,2,4,"Koufu",3,2,4,5,3,5,4,5,4,3
42,"F","PSYC","Yes","No",166,2,3,5,4,"Koufu",4,6,5,5,5,4,4,3,4,5
43,"F","PSYC","No","No",154,3,4,3,5,"Connexion",3,5,4,5,3,4,4,5,4,3
44,"M","SOCG","Yes","No",178,2,4,5,3,"Connexion",3,7,4,4,5,3,3,5,3,3
45,"M","PSYC","No","No",176,2,4,5,3,"Funan",4,6,5,4,5,4,4,6,4,2
46,"M","SOCG","No","No",168,2,5,5,4,"Connexion",3,4,4,4,4,3,3,4,3,3
47,"M","PSYC","No","No",175,1,4,7,5,"Koufu",3,7,5,4,6,3,4,4,4,4
48,"M","PSYC","No","No",178,4,5,4,3,"Funan",6,7,5,2,4,6,5,6,5,3
49,"F","POSC","Yes","No",166,5,4,2,4,"Connexion",4,5,3,4,4,5,3,2,3,6
50,"F","PSYC","No","Yes",153,3,4,2,5,"Koufu",2,3,3,5,3,3,3,2,3,5
51,"M","POSC","No","Yes",172,3,5,5,4,"Funan",4,5,4,3,5,3,4,5,4,4
52,"M","PSYC","No","No",176,3,5,6,4,"Connexion",3,7,4,4,6,4,4,5,4,4
53,"F","SOCG","Yes","No",157,2,3,4,5,"Connexion",4,5,3,4,4,4,4,2,4,6
54,"M","PSYC","No","Yes",184,3,5,4,4,"Funan",6,6,4,2,4,3,3,5,3,3
55,"M","SOCG","No","No",162,5,6,2,4,"Koufu",4,4,3,3,3,5,4,3,4,5
56,"M","PSYC","No","Yes",175,3,5,6,3,"Koufu",5,7,6,3,4,4,3,6,3,2
57,"M","PSYC","No","No",185,2,5,5,3,"Koufu",4,5,6,3,5,5,2,6,3,1
58,"M","POSC","No","Yes",170,2,5,4,5,"Funan",4,5,4,3,4,5,3,3,4,4
59,"F","SOCG","No","Yes",163,2,4,4,4,"Koufu",4,5,4,3,4,4,3,4,3,3
60,"M","PSYC","No","No",170,1,4,6,4,"Connexion",4,7,5,4,5,3,3,4,3,3
61,"M","PSYC","No","No",164,5,5,2,4,"Connexion",4,4,4,3,3,6,5,5,5,4
62,"F","POSC","No","No",162,4,4,3,5,"Funan",4,4,3,4,5,5,3,5,3,3
63,"M","POSC","No","No",180,5,6,3,3,"Funan",4,4,5,3,3,5,4,5,5,5
64,"M","SOCG","Yes","No",176,4,4,5,4,"Funan",3,7,4,5,5,4,4,5,4,4
65,"F","POSC","Yes","Yes",159,1,4,5,5,"Funan",5,7,4,4,6,4,4,4,4,4
66,"F","PSYC","Yes","No",162,2,3,5,6,"Koufu",3,6,2,5,6,4,3,2,3,5
67,"F","PSYC","Yes","No",165,3,3,4,4,"Connexion",3,4,5,4,4,4,5,4,5,5
68,"M","POSC","No","No",167,3,4,6,2,"Koufu",4,8,5,4,5,4,4,4,4,5
69,"M","PSYC","Yes","Yes",174,4,5,3,4,"Koufu",3,5,4,4,4,5,3,4,3,3
70,"F","PSYC","Yes","No",179,1,3,5,4,"Connexion",4,5,4,4,5,4,3,4,3,3
71,"F","PSYC","Yes","No",169,1,2,4,5,"Connexion",3,5,4,5,5,3,4,2,4,5
72,"F","SOCG","No","Yes",149,4,3,3,6,"Funan",4,3,3,4,4,4,2,4,2,3
73,"M","PSYC","No","No",175,3,5,5,4,"Connexion",3,6,4,4,5,4,4,4,4,4
74,"M","POSC","Yes","No",167,5,4,4,3,"Koufu",3,7,5,4,5,5,4,5,5,5
75,"F","PSYC","Yes","No",162,1,3,4,4,"Koufu",3,5,3,5,4,3,4,2,4,5
76,"F","SOCG","No","No",171,3,4,4,5,"Connexion",3,4,2,5,5,3,1,3,1,3
77,"F","PSYC","No","No",167,2,4,4,6,"Funan",5,6,2,3,5,3,2,3,2,4
78,"F","POSC","No","No",152,3,4,5,6,"Connexion",3,5,3,4,4,2,4,3,4,6
79,"M","POSC","Yes","Yes",172,5,7,2,3,"Funan",6,3,5,1,3,6,4,5,5,4
80,"M","POSC","No","No",186,2,5,6,4,"Koufu",4,6,3,4,5,3,2,4,3,4
81,"F","PSYC","No","No",171,2,3,5,4,"Connexion",3,7,4,5,5,3,3,3,3,5
82,"M","POSC","No","No",170,3,5,5,3,"Koufu",3,8,4,4,5,3,4,2,4,6
83,"M","PSYC","No","Yes",175,4,5,5,4,"Koufu",4,5,5,4,4,6,3,5,3,2
84,"F","SOCG","No","Yes",171,1,3,5,5,"Funan",5,5,3,4,5,2,3,2,3,5
85,"M","SOCG","No","No",167,5,6,3,3,"Connexion",4,4,4,3,3,6,4,4,4,4
86,"F","POSC","No","No",172,4,5,3,4,"Connexion",4,4,4,3,3,5,3,4,4,4
87,"F","PSYC","No","No",159,5,4,2,4,"Connexion",3,4,5,5,3,6,2,6,3,2
88,"F","SOCG","Yes","No",159,2,2,5,5,"Koufu",3,6,4,5,5,4,5,3,5,6
89,"F","SOCG","Yes","No",165,4,4,3,5,"Funan",4,4,3,4,4,3,4,2,4,7
90,"F","PSYC","No","No",169,2,3,4,5,"Koufu",4,4,1,4,5,3,3,2,3,5
91,"M","POSC","No","No",169,4,5,4,3,"Connexion",3,6,5,5,4,5,4,6,5,3
92,"M","PSYC","Yes","No",177,2,5,4,4,"Connexion",3,6,3,4,4,3,3,4,3,4
93,"M","PSYC","No","Yes",175,1,4,5,3,"Connexion",3,7,4,4,5,3,3,4,3,3
94,"F","PSYC","No","No",166,3,4,3,4,"Koufu",3,4,3,5,3,4,4,2,4,6
95,"M","PSYC","No","No",185,3,5,4,4,"Koufu",2,6,4,4,5,4,3,3,3,4
96,"M","PSYC","Yes","No",179,2,4,5,3,"Connexion",3,7,4,4,4,4,4,3,4,5
97,"M","POSC","No","Yes",178,1,5,6,3,"Funan",6,8,4,2,6,2,3,4,3,4
98,"F","PSYC","Yes","No",159,3,3,3,5,"Koufu",3,5,3,5,5,5,3,3,3,4
99,"F","POSC","Yes","No",166,3,4,3,5,"Connexion",3,4,3,5,4,5,3,2,3,4
100,"M","PSYC","No","No",176,1,4,6,3,"Koufu",4,8,5,4,5,3,4,6,4,2
101,"F","PSYC","No","No",168,1,3,4,5,"Connexion",2,5,4,6,4,2,5,4,5,5
102,"F","POSC","No","No",154,3,3,3,4,"Connexion",4,4,5,5,3,5,5,7,5,2
103,"M","POSC","No","No",172,3,5,5,5,"Funan",4,7,4,3,5,3,3,4,3,4
104,"F","POSC","No","Yes",160,4,5,3,6,"Funan",5,4,3,3,4,5,3,4,3,3
105,"F","PSYC","No","No",162,1,3,4,5,"Koufu",3,7,3,5,4,2,3,4,3,4
106,"M","PSYC","Yes","No",177,2,4,4,3,"Koufu",5,5,5,4,5,5,5,4,5,4
107,"M","SOCG","Yes","No",175,4,5,3,5,"Connexion",2,5,3,5,5,4,3,3,3,5
108,"M","SOCG","No","No",174,3,5,6,5,"Funan",6,8,4,1,6,3,4,4,4,5
109,"F","PSYC","No","No",164,2,3,4,6,"Connexion",3,5,4,5,5,3,3,3,3,4
110,"M","SOCG","No","No",171,1,4,6,3,"Connexion",3,9,4,4,5,3,4,3,4,5
111,"M","SOCG","No","No",168,5,5,3,4,"Koufu",4,5,4,3,3,5,5,4,5,6
112,"F","PSYC","No","No",160,2,3,3,4,"Connexion",2,4,5,5,3,3,5,5,5,4
113,"F","SOCG","Yes","Yes",159,2,4,4,5,"Funan",5,6,4,2,5,4,5,3,5,5
114,"F","SOCG","Yes","No",157,2,3,6,5,"Koufu",3,7,4,4,6,3,4,3,4,5
115,"M","POSC","No","No",183,5,6,3,3,"Funan",6,5,5,1,4,5,5,4,5,6
116,"M","PSYC","Yes","No",182,3,5,4,4,"Koufu",3,6,4,4,4,5,4,5,4,3
117,"M","PSYC","Yes","Yes",184,2,5,6,4,"Funan",5,7,5,3,6,3,3,3,4,5
118,"F","SOCG","Yes","No",171,2,3,5,4,"Funan",4,5,5,4,4,3,4,5,4,3
119,"F","SOCG","No","No",152,1,2,5,5,"Funan",4,5,2,4,5,2,4,3,4,5
120,"F","POSC","No","No",171,2,3,5,5,"Funan",5,6,3,4,6,2,4,5,4,4
121,"F","PSYC","Yes","No",174,2,4,3,5,"Connexion",4,4,4,4,4,3,4,5,4,3
122,"F","POSC","Yes","No",163,2,3,4,5,"Funan",5,4,3,4,5,3,4,4,4,4
123,"M","PSYC","Yes","No",177,4,4,3,5,"Funan",5,5,4,3,4,4,3,5,3,3
124,"M","SOCG","No","No",184,3,5,5,5,"Koufu",4,5,3,3,6,3,2,3,2,4
125,"F","SOCG","No","No",150,1,2,5,5,"Koufu",3,7,3,5,5,1,3,3,3,5
126,"F","PSYC","Yes","Yes",171,4,5,3,4,"Koufu",3,4,3,5,4,5,4,3,4,5
127,"F","PSYC","Yes","No",161,2,3,4,5,"Koufu",4,5,4,5,4,4,4,3,4,4
128,"F","SOCG","No","No",175,1,4,5,5,"Funan",4,5,4,4,6,4,5,5,5,3
129,"M","SOCG","No","No",175,3,6,5,3,"Koufu",5,6,4,1,5,4,3,2,3,5
130,"M","PSYC","No","No",162,2,4,6,4,"Koufu",3,7,4,5,5,2,4,5,4,4
131,"F","POSC","Yes","No",161,2,3,3,5,"Connexion",4,4,3,4,4,4,4,3,4,5
132,"F","POSC","Yes","No",156,1,2,5,5,"Connexion",3,4,4,5,4,3,4,5,4,3
133,"M","POSC","No","No",170,2,4,6,4,"Funan",4,6,3,4,5,3,4,4,4,4
134,"M","PSYC","No","No",176,3,5,4,4,"Connexion",4,6,4,3,4,3,3,4,3,4
135,"M","PSYC","No","No",180,2,5,5,2,"Koufu",3,5,6,4,5,4,4,6,4,2
136,"F","PSYC","Yes","Yes",163,3,4,2,5,"Funan",4,3,2,4,3,5,4,3,4,5
137,"M","PSYC","Yes","Yes",182,2,5,7,5,"Connexion",3,9,3,5,7,1,3,4,3,5
138,"M","PSYC","Yes","No",179,3,5,4,3,"Funan",4,5,4,4,4,5,4,4,4,4
139,"F","SOCG","No","No",176,2,4,5,6,"Connexion",4,5,2,3,5,3,3,4,3,3
140,"F","PSYC","No","No",165,4,4,2,5,"Koufu",4,5,4,4,4,4,4,5,4,4
141,"M","SOCG","No","No",178,2,4,6,4,"Connexion",4,7,3,3,5,1,4,4,4,5
142,"M","SOCG","No","No",180,3,5,4,4,"Koufu",4,5,4,4,4,3,4,6,4,3
143,"M","SOCG","No","Yes",177,2,5,6,4,"Funan",4,5,4,3,5,3,4,5,4,3
144,"F","PSYC","Yes","No",150,3,3,3,5,"Funan",5,3,4,4,3,5,3,4,3,3
145,"M","PSYC","Yes","No",173,3,4,5,3,"Connexion",3,5,5,4,5,4,4,5,4,3
146,"F","POSC","Yes","No",160,2,3,5,5,"Connexion",3,6,4,4,5,2,4,4,4,5
147,"F","POSC","No","Yes",159,2,3,4,5,"Funan",3,6,4,5,4,4,4,4,4,4
148,"M","PSYC","No","Yes",165,1,4,6,2,"Koufu",4,7,5,4,5,3,3,5,3,2
149,"F","PSYC","No","No",163,4,4,2,5,"Koufu",3,2,4,5,4,3,3,3,3,5
150,"M","POSC","No","No",158,3,5,4,3,"Koufu",3,5,4,4,3,5,4,3,5,5
151,"M","SOCG","No","No",163,2,4,7,4,"Koufu",3,7,3,4,5,3,5,3,5,6
152,"F","SOCG","Yes","Yes",154,2,4,4,5,"Koufu",5,5,4,3,5,3,3,3,3,4
153,"M","POSC","No","No",177,3,6,4,3,"Koufu",5,5,4,3,4,6,4,4,4,3
154,"M","POSC","No","No",172,5,6,3,4,"Connexion",3,4,3,3,3,5,3,4,3,4
155,"F","PSYC","Yes","No",151,4,3,2,5,"Koufu",3,3,3,4,3,5,3,2,3,5
156,"F","PSYC","No","No",164,3,3,3,4,"Koufu",2,5,3,5,4,3,4,3,4,5
157,"F","POSC","Yes","Yes",166,1,4,5,5,"Connexion",2,6,3,6,5,3,3,2,3,5
158,"F","PSYC","No","Yes",160,4,4,2,6,"Koufu",3,2,3,4,3,4,3,1,3,6
159,"M","POSC","No","Yes",180,1,5,7,4,"Koufu",3,9,4,4,6,3,4,4,4,4
160,"M","POSC","Yes","No",170,2,4,5,4,"Connexion",3,7,4,4,5,3,3,5,3,3
161,"F","PSYC","No","No",170,3,4,3,5,"Funan",5,4,3,3,5,5,3,4,3,3
162,"M","POSC","Yes","No",178,1,3,6,3,"Funan",3,6,5,5,6,3,3,5,3,2
163,"F","PSYC","No","No",164,2,3,3,5,"Funan",4,3,4,4,2,4,4,6,4,2
164,"M","POSC","No","Yes",178,1,5,5,3,"Koufu",3,6,5,4,5,3,4,2,4,5
165,"F","POSC","No","No",165,1,4,5,4,"Koufu",3,7,3,5,6,3,4,5,4,3
166,"M","POSC","No","No",175,5,6,3,3,"Connexion",4,5,5,3,3,5,3,4,4,5
167,"F","PSYC","No","Yes",158,3,4,4,5,"Koufu",4,4,3,5,4,4,3,2,3,5
168,"M","PSYC","Yes","Yes",177,5,7,4,4,"Koufu",4,4,4,3,4,4,3,4,3,4
169,"F","POSC","No","No",166,5,5,2,5,"Funan",6,4,3,2,4,4,3,4,3,4
170,"F","POSC","Yes","No",161,1,3,6,5,"Koufu",4,7,4,4,5,4,4,4,4,4
171,"M","POSC","No","No",176,1,4,6,4,"Funan",4,7,4,4,6,2,4,4,4,4
172,"M","PSYC","No","No",185,3,6,5,4,"Koufu",4,9,4,3,5,4,3,4,3,4
173,"F","PSYC","No","Yes",161,3,4,4,6,"Funan",4,4,4,5,3,4,3,4,3,3
174,"F","PSYC","No","No",152,2,3,4,4,"Connexion",3,5,5,6,4,5,4,5,4,3
175,"F","PSYC","No","Yes",159,3,4,4,5,"Koufu",3,4,3,5,4,4,3,3,3,4
176,"F","PSYC","No","No",157,4,4,2,5,"Connexion",4,3,4,4,3,5,4,4,4,4
177,"M","POSC","No","No",169,2,5,5,4,"Connexion",3,7,3,4,5,3,2,2,2,4
178,"F","POSC","No","Yes",168,2,4,4,5,"Koufu",3,5,4,5,4,4,3,5,3,2
179,"M","PSYC","No","Yes",178,4,6,4,4,"Koufu",5,6,5,3,5,5,4,5,4,3
180,"F","PSYC","No","Yes",160,3,4,4,5,"Funan",3,5,4,5,4,3,4,3,4,5
181,"M","PSYC","No","Yes",181,4,5,4,4,"Connexion",4,7,4,3,5,5,4,3,4,5
182,"M","PSYC","No","No",170,2,5,6,5,"Funan",5,7,3,2,7,3,3,5,3,3
183,"M","PSYC","No","No",176,4,5,3,4,"Connexion",4,5,5,3,4,5,4,6,4,3
184,"M","PSYC","No","No",179,3,5,3,4,"Koufu",3,5,4,4,4,5,4,4,4,4
185,"M","POSC","Yes","No",166,2,4,6,4,"Koufu",2,9,4,5,6,3,3,5,3,3
186,"M","SOCG","No","Yes",173,3,5,6,4,"Funan",4,9,4,3,5,4,5,5,5,5
187,"F","SOCG","No","No",154,1,3,4,6,"Funan",5,5,3,4,4,4,3,4,3,3
188,"F","PSYC","Yes","No",159,3,4,3,5,"Funan",5,6,3,4,5,5,2,3,2,3
189,"F","POSC","Yes","No",161,3,4,3,5,"Funan",4,3,4,4,4,5,5,4,5,5
190,"F","PSYC","Yes","No",164,2,3,4,5,"Connexion",4,4,2,5,4,2,3,1,3,6
191,"F","PSYC","No","Yes",159,3,4,4,5,"Funan",5,6,3,3,4,4,4,3,4,5
192,"F","SOCG","No","No",165,4,4,3,5,"Koufu",2,4,4,5,3,5,3,4,3,3
193,"M","SOCG","Yes","No",167,2,5,5,4,"Funan",5,7,3,2,5,3,3,2,3,5
194,"F","PSYC","No","No",164,4,5,3,6,"Connexion",3,4,3,4,4,5,3,3,3,4
195,"M","PSYC","No","No",172,4,6,6,4,"Funan",5,8,5,2,6,5,3,6,3,2
196,"F","POSC","No","Yes",167,4,5,3,5,"Funan",3,3,3,4,4,5,5,3,5,6
197,"M","POSC","Yes","No",164,1,3,6,4,"Connexion",4,8,3,4,6,2,2,4,3,4
198,"M","PSYC","Yes","No",172,2,4,5,4,"Koufu",3,5,4,4,4,4,4,4,4,4
199,"M","SOCG","No","Yes",177,2,5,5,3,"Koufu",4,6,4,2,5,2,4,4,4,5
200,"F","PSYC","No","No",164,3,4,3,4,"Connexion",3,5,4,4,3,4,3,4,3,4
201,"M","PSYC","No","No",172,3,5,4,3,"Koufu",4,5,5,4,3,5,3,6,3,1
202,"M","PSYC","Yes","No",180,2,5,6,4,"Connexion",3,7,4,4,6,3,2,4,2,3
203,"M","POSC","No","No",171,2,5,6,4,"Funan",4,8,4,4,5,3,2,3,2,4
204,"M","POSC","No","Yes",163,3,6,5,4,"Funan",5,8,4,2,5,4,4,4,4,4
205,"M","PSYC","Yes","No",171,2,5,6,2,"Connexion",3,7,6,5,5,3,3,5,3,3
206,"M","PSYC","No","No",176,2,5,5,4,"Funan",6,5,4,2,4,3,3,5,3,3
207,"F","PSYC","No","No",159,3,4,4,5,"Funan",4,3,2,4,3,3,4,3,3,5
208,"F","PSYC","Yes","No",157,5,5,2,4,"Koufu",3,2,5,4,2,4,3,4,3,4
209,"F","PSYC","No","No",157,4,4,3,6,"Connexion",4,5,3,5,5,5,2,4,2,2
210,"F","PSYC","No","No",166,2,4,4,4,"Koufu",3,5,4,4,3,3,5,4,5,5
211,"F","POSC","No","No",161,3,4,4,5,"Koufu",3,5,4,5,4,5,2,3,2,3
212,"M","SOCG","No","No",175,2,5,6,3,"Connexion",3,8,5,3,6,2,5,4,5,6
213,"M","SOCG","No","Yes",176,2,5,5,4,"Koufu",4,6,5,3,5,3,5,5,5,4
214,"F","POSC","Yes","No",155,4,4,2,5,"Funan",4,4,2,4,4,4,2,2,2,4
215,"F","PSYC","No","No",160,3,4,3,5,"Koufu",4,4,4,4,3,3,4,3,4,5
216,"F","POSC","Yes","No",169,4,4,3,5,"Funan",4,5,3,5,5,5,4,3,4,5
217,"F","SOCG","No","No",158,4,4,2,4,"Funan",5,3,4,2,3,5,4,4,4,4
218,"M","POSC","No","No",172,2,4,5,3,"Funan",4,5,5,4,4,2,5,5,5,5
219,"M","PSYC","No","Yes",171,2,4,5,4,"Koufu",4,6,4,4,5,3,3,4,3,4
220,"M","PSYC","No","No",174,1,5,5,3,"Koufu",3,6,3,4,4,4,3,4,3,3
221,"F","PSYC","No","No",161,2,3,4,4,"Funan",5,5,4,4,4,4,2,4,2,2
222,"M","PSYC","Yes","Yes",175,3,5,3,2,"Connexion",3,4,6,4,3,4,3,5,3,3
223,"F","POSC","No","Yes",169,2,4,4,4,"Funan",4,5,5,4,4,4,4,4,4,4
224,"F","PSYC","No","Yes",151,2,3,5,4,"Koufu",4,6,4,5,5,4,4,3,4,5
225,"M","POSC","Yes","No",164,2,4,5,4,"Funan",4,6,4,4,4,3,3,4,3,4
226,"F","PSYC","Yes","No",168,2,3,3,5,"Koufu",3,3,4,5,3,5,3,4,3,2
227,"F","POSC","No","Yes",156,3,4,3,5,"Koufu",3,4,4,6,3,4,4,4,4,4
228,"M","PSYC","No","Yes",181,2,6,6,4,"Connexion",4,8,3,2,6,2,1,3,1,3
229,"M","PSYC","No","No",172,3,4,5,3,"Funan",4,6,5,4,5,4,4,5,4,4
230,"F","SOCG","No","No",166,4,4,4,6,"Connexion",3,6,3,4,5,3,3,3,3,5
231,"F","PSYC","No","No",166,4,4,2,5,"Funan",5,3,4,3,3,5,1,4,1,2
232,"F","SOCG","No","No",159,3,4,3,5,"Funan",5,4,3,3,4,4,3,5,3,3
233,"M","POSC","Yes","Yes",171,3,5,4,3,"Koufu",3,4,5,4,4,4,3,5,4,3
234,"M","SOCG","Yes","No",179,4,5,3,3,"Connexion",4,5,4,3,4,5,4,4,4,4
235,"F","POSC","No","Yes",147,3,4,4,5,"Koufu",1,4,2,7,4,3,2,4,2,3
236,"F","PSYC","Yes","No",163,1,2,4,5,"Connexion",2,6,3,7,5,2,2,3,2,4
237,"F","SOCG","No","No",163,4,4,4,4,"Funan",5,5,3,3,4,4,3,3,3,5
238,"M","SOCG","No","No",169,3,5,6,4,"Connexion",4,7,4,2,6,3,4,4,4,5
239,"F","PSYC","No","No",155,2,3,4,5,"Connexion",3,5,4,5,4,3,5,3,5,6
240,"F","PSYC","No","No",168,2,3,4,5,"Connexion",5,5,3,4,5,4,5,4,5,5
241,"M","SOCG","No","No",169,2,4,5,4,"Connexion",3,6,4,4,4,3,4,5,4,4
242,"M","PSYC","No","Yes",172,2,5,5,3,"Funan",5,5,4,3,5,4,4,4,4,4
243,"F","POSC","No","No",160,3,3,4,5,"Koufu",2,6,3,6,5,5,3,4,3,3
244,"F","POSC","No","No",166,3,5,3,5,"Connexion",4,4,3,3,4,4,3,4,3,3
245,"F","PSYC","Yes","No",167,3,3,3,5,"Connexion",3,3,4,5,3,5,4,3,4,5
246,"F","PSYC","No","Yes",162,2,4,5,5,"Funan",5,5,4,3,5,4,3,4,3,3
247,"M","PSYC","Yes","No",184,2,5,5,4,"Connexion",4,6,3,3,5,3,4,4,4,4
248,"F","POSC","No","No",161,2,3,4,4,"Funan",4,4,4,5,3,3,4,4,4,4
249,"F","SOCG","Yes","No",159,2,2,4,4,"Connexion",3,4,4,6,4,5,3,4,4,3
250,"M","PSYC","No","No",179,2,4,6,4,"Koufu",4,6,5,3,5,3,3,5,3,3
251,"F","SOCG","Yes","No",167,2,4,5,5,"Funan",6,5,3,2,5,3,3,1,3,6
252,"F","SOCG","No","No",159,2,3,3,5,"Koufu",4,4,3,4,4,4,4,4,4,4
253,"M","PSYC","No","No",186,4,5,3,3,"Connexion",4,4,4,4,4,5,4,5,4,3
254,"F","PSYC","No","No",154,3,3,3,4,"Funan",4,4,4,4,3,5,4,4,4,4
255,"M","PSYC","No","No",169,2,4,5,5,"Connexion",3,8,4,5,5,3,3,3,3,5
256,"F","SOCG","No","No",150,4,3,3,5,"Connexion",2,3,3,6,3,4,3,2,3,6
257,"F","PSYC","No","Yes",165,1,4,5,4,"Koufu",4,7,4,4,5,3,3,5,3,2
258,"M","SOCG","Yes","Yes",171,1,4,7,4,"Koufu",4,8,4,3,7,2,4,2,4,6
259,"M","PSYC","No","No",168,3,5,5,3,"Funan",5,6,4,2,4,4,4,4,4,4
260,"M","PSYC","No","No",170,3,5,4,3,"Koufu",4,3,5,3,3,4,4,4,4,4
261,"M","SOCG","No","Yes",170,5,6,4,3,"Connexion",4,6,4,3,4,4,3,3,3,5
262,"M","PSYC","Yes","No",170,4,5,4,5,"Funan",4,6,3,4,6,5,4,4,4,4
263,"M","POSC","No","Yes",187,3,6,5,4,"Koufu",3,8,5,4,6,5,4,5,4,3
264,"M","PSYC","No","No",178,2,4,5,2,"Funan",4,7,6,4,4,4,5,5,5,4
265,"F","PSYC","No","No",164,3,4,3,5,"Connexion",3,5,3,5,4,3,3,3,3,5
266,"M","PSYC","No","Yes",182,3,5,4,4,"Koufu",2,6,4,5,4,4,2,4,3,3
267,"F","SOCG","No","No",165,1,3,5,6,"Koufu",3,6,4,5,4,1,4,3,3,5
268,"F","POSC","No","Yes",177,2,4,4,4,"Funan",3,5,4,5,3,4,3,4,3,3
269,"M","PSYC","No","Yes",178,5,7,4,4,"Connexion",4,5,3,3,4,4,4,3,4,6
270,"M","PSYC","No","No",170,3,5,4,3,"Koufu",4,5,3,3,5,3,3,3,3,5
271,"F","PSYC","No","No",154,2,3,4,3,"Connexion",3,4,5,5,3,5,4,4,4,3
272,"M","SOCG","No","No",173,2,4,5,4,"Koufu",4,7,3,4,6,2,2,4,2,3
273,"F","PSYC","No","No",152,1,3,4,4,"Connexion",3,3,3,5,3,2,3,2,3,5
274,"M","PSYC","No","No",178,5,6,3,3,"Funan",5,4,4,2,4,5,3,5,3,3
275,"M","PSYC","No","No",173,3,5,4,3,"Funan",5,5,4,2,4,4,5,5,5,4
276,"F","SOCG","No","No",159,3,4,3,5,"Funan",7,5,2,2,6,3,4,4,3,4
277,"F","SOCG","No","No",162,2,3,4,5,"Funan",5,4,4,3,4,3,4,4,4,4
278,"F","POSC","No","No",167,1,3,4,4,"Connexion",3,6,5,5,4,3,3,5,4,3
279,"M","PSYC","Yes","No",183,1,4,5,3,"Connexion",3,5,5,4,4,3,4,4,4,4
280,"M","PSYC","Yes","No",175,1,4,5,4,"Funan",5,7,5,2,5,3,3,4,3,3
281,"F","POSC","Yes","No",159,2,3,4,6,"Funan",5,5,2,3,5,4,4,4,4,4
282,"M","SOCG","No","Yes",163,1,4,7,3,"Koufu",3,7,3,4,5,3,2,3,2,3
283,"M","SOCG","Yes","Yes",175,2,5,4,4,"Connexion",3,5,4,4,4,5,3,3,3,4
284,"M","POSC","No","No",174,2,5,6,3,"Koufu",3,8,4,4,5,4,4,6,4,3
285,"F","SOCG","No","No",158,1,3,5,4,"Funan",6,6,4,3,4,4,4,4,4,4
286,"F","POSC","No","Yes",157,2,4,4,5,"Funan",4,4,3,5,5,2,3,3,3,5
287,"M","POSC","No","Yes",178,3,5,6,4,"Connexion",4,7,5,3,5,5,4,5,5,4
288,"M","POSC","Yes","No",164,4,5,5,3,"Funan",5,7,5,3,5,5,4,5,5,5
289,"F","PSYC","Yes","No",164,3,3,3,5,"Funan",6,5,3,3,5,6,2,4,2,2
290,"F","PSYC","Yes","No",165,2,2,4,5,"Funan",7,4,3,3,5,3,2,3,2,3
291,"M","SOCG","Yes","No",173,2,4,6,3,"Funan",5,9,5,3,6,4,3,4,4,4
292,"M","POSC","No","No",172,2,4,6,3,"Connexion",4,8,4,3,5,2,4,3,4,6
293,"F","PSYC","No","No",163,2,3,4,4,"Connexion",4,4,5,4,4,4,3,5,3,2
294,"F","SOCG","No","Yes",157,3,4,3,5,"Koufu",5,4,4,3,4,4,3,4,3,3
295,"F","POSC","No","Yes",171,2,4,4,4,"Funan",4,5,3,5,5,4,3,3,3,4
296,"F","SOCG","Yes","No",172,3,4,4,5,"Connexion",3,4,4,5,5,4,4,4,4,4
297,"F","POSC","No","No",163,2,3,4,5,"Connexion",4,4,3,4,5,3,2,4,2,2
298,"M","SOCG","No","No",170,4,4,3,4,"Connexion",3,5,5,5,3,5,4,6,4,3
299,"F","PSYC","Yes","No",159,2,4,3,6,"Funan",4,3,3,4,2,3,3,4,3,3
300,"M","PSYC","Yes","No",183,4,5,4,3,"Connexion",4,5,5,3,4,5,3,4,4,4
301,"M","PSYC","Yes","No",178,3,4,4,3,"Connexion",3,6,5,5,4,4,5,5,5,4
302,"M","PSYC","No","No",164,3,4,5,4,"Funan",4,5,5,4,4,3,3,4,3,4
303,"M","PSYC","No","Yes",167,1,4,5,4,"Funan",5,5,4,3,4,3,4,4,4,4
304,"F","PSYC","No","No",161,3,3,3,5,"Funan",5,5,3,3,4,5,4,4,4,4
305,"M","PSYC","Yes","Yes",169,4,6,5,3,"Funan",6,6,5,2,4,4,4,4,5,6
306,"M","PSYC","No","No",187,3,5,4,4,"Koufu",3,6,5,4,4,4,4,5,4,4
307,"F","PSYC","No","No",164,2,3,4,5,"Koufu",2,6,4,6,5,3,3,5,3,3
308,"F","POSC","No","No",167,2,4,4,5,"Connexion",4,4,3,4,4,3,4,3,4,5
309,"M","POSC","No","No",172,1,4,7,4,"Koufu",3,9,2,4,6,1,3,4,3,4
310,"M","PSYC","Yes","No",179,2,4,5,3,"Koufu",2,7,5,5,5,4,2,4,2,2
311,"M","PSYC","Yes","No",171,3,4,5,3,"Funan",4,6,5,3,4,4,3,6,3,2
312,"M","PSYC","No","Yes",172,2,4,5,4,"Koufu",2,7,4,5,5,2,2,3,2,4
313,"M","PSYC","No","No",170,3,5,5,4,"Connexion",3,7,3,5,5,4,5,4,5,5
314,"M","PSYC","Yes","No",171,4,5,5,3,"Funan",3,7,5,4,5,4,3,5,3,3
315,"F","POSC","No","No",167,5,5,2,4,"Koufu",4,3,5,5,4,5,4,3,4,5
316,"M","PSYC","No","No",179,4,5,5,4,"Koufu",3,5,4,4,5,4,3,4,3,4
317,"F","POSC","Yes","No",154,4,3,2,5,"Connexion",3,4,4,5,4,5,4,4,4,4
318,"M","PSYC","Yes","Yes",180,3,6,5,3,"Funan",6,6,5,2,5,3,3,3,3,5
319,"F","PSYC","No","No",158,3,3,3,3,"Connexion",3,3,5,5,3,5,5,6,5,3
320,"M","POSC","No","No",173,4,5,4,4,"Funan",4,4,4,4,4,4,3,4,3,4
321,"F","SOCG","No","No",169,3,4,4,4,"Koufu",3,5,4,5,4,3,3,5,3,3
322,"M","POSC","No","No",178,1,4,6,4,"Connexion",2,7,4,5,6,3,4,4,4,4
323,"M","SOCG","Yes","No",182,3,5,5,3,"Koufu",3,5,5,4,4,3,3,5,3,3
324,"M","SOCG","No","No",166,2,4,6,3,"Koufu",2,7,5,5,5,5,5,5,5,4
325,"F","PSYC","Yes","Yes",165,2,4,4,4,"Connexion",3,3,3,5,4,3,3,2,3,5
326,"F","PSYC","No","No",157,2,4,4,4,"Koufu",4,6,5,4,3,5,4,4,4,3
327,"M","PSYC","No","No",190,1,5,6,4,"Connexion",2,8,4,5,6,3,4,3,4,5
328,"F","PSYC","No","Yes",167,1,4,5,4,"Connexion",4,4,3,4,4,3,4,2,4,5
329,"F","PSYC","No","Yes",157,2,4,4,5,"Funan",4,5,3,4,5,3,4,5,4,3
330,"F","SOCG","Yes","No",163,3,4,4,4,"Connexion",3,5,4,4,4,5,2,2,2,4
331,"F","PSYC","No","No",160,1,3,5,5,"Funan",3,7,4,5,5,3,4,5,4,3
332,"M","PSYC","Yes","No",175,2,5,4,3,"Koufu",3,5,5,5,4,4,3,6,4,2
333,"F","PSYC","No","No",148,5,4,2,4,"Funan",4,3,6,4,2,6,5,5,5,4
334,"F","SOCG","Yes","No",155,3,3,4,5,"Koufu",3,5,3,5,3,4,3,2,3,5
335,"F","SOCG","Yes","No",166,5,5,2,5,"Koufu",3,3,5,4,3,6,5,4,5,5
336,"M","PSYC","No","No",174,3,5,5,4,"Connexion",4,8,4,4,6,4,4,4,4,5
337,"F","POSC","Yes","No",159,3,3,3,4,"Koufu",4,4,3,5,3,4,3,4,3,3
338,"F","SOCG","No","No",156,1,2,5,6,"Koufu",3,5,3,5,6,3,3,2,3,5
339,"M","PSYC","No","No",174,1,4,5,3,"Funan",6,8,5,2,4,3,3,6,3,2
340,"M","POSC","No","No",179,4,5,4,4,"Connexion",3,6,5,4,5,4,4,5,5,5
341,"M","PSYC","Yes","No",181,4,6,5,2,"Connexion",3,6,6,3,4,5,3,5,4,3
342,"M","PSYC","No","No",170,2,4,5,2,"Funan",5,7,5,3,4,3,3,5,3,3
343,"F","PSYC","No","No",172,3,3,3,6,"Connexion",4,4,3,5,5,4,3,5,3,2
344,"F","PSYC","No","No",153,3,3,3,6,"Connexion",3,3,3,5,3,5,2,2,2,4
345,"F","SOCG","No","No",153,1,3,5,5,"Koufu",3,7,3,5,5,1,4,4,4,5
346,"M","POSC","Yes","No",169,4,5,4,4,"Funan",5,5,5,3,3,4,2,5,2,2
347,"F","PSYC","Yes","No",162,3,4,3,6,"Connexion",3,5,2,5,5,5,2,3,2,3
348,"F","PSYC","Yes","No",171,4,3,2,4,"Funan",4,3,3,5,4,6,3,3,3,4
349,"M","PSYC","No","No",182,1,5,6,3,"Koufu",3,6,5,4,5,3,4,5,4,3
350,"M","PSYC","No","Yes",171,2,5,5,4,"Koufu",4,8,4,4,6,3,3,3,4,6
351,"M","POSC","No","No",160,2,4,5,5,"Connexion",2,6,3,5,5,2,4,4,4,5
352,"M","PSYC","No","Yes",175,3,5,4,3,"Koufu",4,5,5,3,4,5,4,5,5,4
353,"F","SOCG","Yes","No",167,4,4,1,5,"Funan",4,2,3,4,2,6,3,3,3,4
354,"F","SOCG","Yes","Yes",168,2,4,4,5,"Koufu",3,5,3,4,5,4,3,4,3,3
355,"F","SOCG","No","Yes",161,5,4,3,5,"Funan",5,4,3,4,4,5,3,4,3,4
356,"M","PSYC","No","No",179,4,5,3,3,"Koufu",4,3,6,4,3,5,4,5,4,3
357,"F","PSYC","Yes","No",164,4,4,3,5,"Koufu",3,3,4,5,4,4,4,3,4,5
358,"F","PSYC","No","No",170,2,3,4,5,"Connexion",3,5,3,5,4,3,3,3,3,4
359,"F","SOCG","Yes","No",144,4,3,2,4,"Koufu",3,2,4,4,1,5,4,4,4,4
360,"F","SOCG","Yes","No",162,1,2,4,5,"Koufu",2,5,4,5,4,2,4,3,4,5
361,"F","PSYC","Yes","No",162,4,3,4,4,"Koufu",3,5,4,5,4,3,4,4,4,5
362,"M","PSYC","Yes","No",172,1,4,5,3,"Funan",4,6,5,4,5,3,6,4,6,6
363,"F","POSC","Yes","Yes",158,3,4,4,4,"Koufu",4,5,4,4,4,5,4,3,4,5
364,"F","PSYC","Yes","No",158,2,3,5,5,"Connexion",4,5,4,5,4,4,3,4,3,3
365,"M","POSC","No","No",172,4,5,4,3,"Connexion",3,5,4,4,3,5,4,4,4,4
366,"F","POSC","Yes","No",161,4,3,3,4,"Connexion",3,1,3,6,3,4,4,3,4,5
367,"M","PSYC","Yes","Yes",176,4,6,5,5,"Funan",5,7,3,2,6,3,4,4,4,5
368,"F","PSYC","No","No",152,1,3,5,3,"Koufu",3,5,6,6,3,4,3,5,3,2
369,"M","PSYC","No","No",164,4,5,4,3,"Koufu",2,7,4,4,5,5,4,5,4,4
370,"M","SOCG","Yes","No",183,4,6,4,4,"Connexion",4,6,4,3,5,3,4,4,4,5
371,"M","PSYC","No","Yes",172,2,4,6,3,"Koufu",3,7,4,4,5,2,4,4,4,5
372,"M","PSYC","No","Yes",178,4,6,5,4,"Koufu",3,9,5,3,6,4,2,4,2,3
373,"F","SOCG","Yes","No",168,2,3,4,5,"Funan",5,5,3,4,5,4,3,3,3,4
374,"F","PSYC","No","No",160,5,5,2,5,"Koufu",2,3,2,5,4,4,5,4,4,5
375,"F","PSYC","Yes","Yes",169,3,5,3,4,"Koufu",3,2,3,4,4,5,2,2,2,4
376,"M","POSC","No","No",169,2,4,5,4,"Koufu",4,7,4,4,6,3,3,4,3,4
377,"M","PSYC","Yes","No",173,3,5,4,4,"Funan",4,6,5,3,4,5,4,5,5,4
378,"M","POSC","No","No",179,3,5,5,4,"Koufu",4,7,4,3,5,5,3,4,3,3
379,"F","POSC","No","No",162,3,4,3,6,"Funan",4,4,3,4,4,4,3,3,3,4
380,"F","PSYC","No","No",170,3,4,4,4,"Koufu",5,5,5,3,3,5,5,5,5,4
381,"F","PSYC","No","Yes",166,1,3,6,4,"Connexion",4,6,5,5,4,3,2,5,2,2
382,"F","PSYC","No","No",154,3,3,3,4,"Koufu",3,4,4,6,3,3,4,3,3,5
383,"F","PSYC","No","No",171,3,4,3,4,"Connexion",5,3,4,3,3,4,4,3,4,5
384,"F","PSYC","Yes","Yes",168,2,5,4,4,"Funan",5,4,3,3,4,4,3,4,3,3
385,"F","PSYC","Yes","No",158,1,3,4,6,"Connexion",2,4,3,5,4,3,4,2,4,5
386,"F","SOCG","No","No",169,2,3,3,5,"Connexion",4,4,4,4,4,4,2,3,2,3
387,"M","POSC","Yes","No",171,3,5,4,3,"Koufu",5,6,6,2,4,5,4,5,4,3
388,"F","SOCG","No","No",166,3,4,3,5,"Connexion",3,2,4,5,4,4,4,4,4,4
389,"M","PSYC","No","No",172,2,4,5,4,"Funan",4,5,3,4,5,4,3,4,3,3
390,"F","POSC","No","Yes",158,3,4,4,4,"Koufu",4,6,3,4,4,4,3,4,3,4
391,"F","SOCG","No","Yes",151,3,4,4,3,"Funan",5,5,6,4,3,4,4,6,4,3
392,"F","SOCG","Yes","Yes",167,4,5,2,5,"Koufu",4,1,4,3,3,5,4,3,4,5
393,"F","SOCG","No","No",164,2,3,4,5,"Funan",4,6,4,4,5,3,4,4,4,4
394,"F","PSYC","No","No",165,2,3,4,5,"Funan",4,5,3,5,5,4,3,4,3,3
395,"F","SOCG","No","No",169,1,3,5,5,"Connexion",2,5,4,6,6,3,4,4,4,4
396,"F","POSC","No","No",147,3,3,3,5,"Connexion",2,4,5,6,4,4,5,4,5,5
397,"F","SOCG","Yes","Yes",163,3,5,2,4,"Connexion",3,2,5,4,2,5,3,4,4,4
398,"M","POSC","No","No",174,3,5,5,4,"Funan",5,8,4,3,6,3,2,4,3,4
399,"F","SOCG","No","No",173,2,4,3,3,"Koufu",3,5,6,4,3,5,5,5,5,4
400,"M","POSC","Yes","Yes",176,3,5,4,3,"Koufu",3,5,4,4,6,4,2,5,3,3
401,"F","PSYC","Yes","No",151,4,3,3,5,"Koufu",2,3,3,6,4,7,3,3,3,3
402,"M","PSYC","Yes","Yes",178,3,6,5,4,"Connexion",3,5,4,4,4,5,4,4,4,4
403,"F","POSC","No","Yes",160,2,3,4,5,"Connexion",4,4,3,5,4,2,3,3,3,5
404,"M","POSC","Yes","Yes",170,1,4,5,3,"Funan",5,6,4,2,5,3,4,4,4,4
405,"F","PSYC","Yes","No",153,3,2,4,4,"Funan",3,4,4,6,3,4,5,3,5,6
406,"F","SOCG","No","No",161,3,4,4,6,"Koufu",4,4,3,4,4,4,3,4,3,3
407,"M","PSYC","No","No",168,3,5,3,4,"Koufu",3,6,4,4,5,4,5,5,5,4
408,"M","POSC","No","Yes",173,2,4,5,3,"Koufu",3,6,5,4,4,5,3,4,4,3
409,"F","SOCG","No","No",171,3,4,3,5,"Connexion",2,4,4,5,4,4,4,4,4,4
410,"F","PSYC","Yes","No",151,3,3,4,4,"Koufu",3,3,4,5,3,4,4,4,4,4
411,"F","PSYC","No","Yes",156,3,3,3,5,"Koufu",2,3,3,7,3,3,3,2,3,5
412,"F","PSYC","No","No",154,4,4,5,5,"Connexion",2,6,5,6,4,5,4,3,4,5
413,"F","PSYC","No","No",161,5,5,2,4,"Funan",4,3,3,4,4,6,3,3,4,5
414,"M","PSYC","No","No",166,2,4,5,3,"Connexion",4,6,4,4,5,3,4,5,4,3
415,"M","PSYC","Yes","Yes",171,2,5,5,3,"Koufu",3,7,3,4,6,3,3,3,3,4
416,"F","SOCG","Yes","No",171,2,3,4,5,"Connexion",4,5,4,4,5,4,5,4,5,5
417,"M","SOCG","Yes","No",172,4,5,4,3,"Koufu",3,4,5,3,4,5,4,4,4,4
418,"F","POSC","No","Yes",160,2,4,4,4,"Funan",4,4,4,4,3,4,3,4,3,3
419,"M","PSYC","Yes","Yes",186,3,6,5,3,"Koufu",3,7,5,4,6,4,3,4,3,4
420,"M","POSC","No","Yes",174,2,5,4,2,"Koufu",4,5,6,4,4,5,4,4,5,4
421,"F","POSC","Yes","Yes",153,2,4,4,4,"Koufu",3,5,4,5,3,4,3,3,4,5
422,"M","SOCG","Yes","No",194,1,5,5,3,"Koufu",3,6,5,5,5,3,4,4,4,4
423,"M","POSC","No","Yes",164,2,4,6,4,"Connexion",2,7,3,5,6,3,3,3,3,5
424,"M","POSC","No","No",178,2,4,5,3,"Connexion",3,5,3,4,5,2,3,2,3,5
425,"M","POSC","No","No",171,4,5,4,4,"Connexion",3,6,5,4,5,5,3,4,4,4
426,"M","POSC","Yes","No",169,1,4,5,3,"Koufu",4,6,5,4,5,3,5,4,5,5
427,"F","PSYC","No","Yes",156,4,3,2,4,"Koufu",4,2,5,5,2,6,4,6,5,3
428,"M","PSYC","Yes","No",177,3,4,5,3,"Koufu",3,5,4,4,5,3,5,4,5,6
429,"F","PSYC","Yes","No",169,3,4,5,5,"Koufu",4,6,4,4,5,4,5,4,5,5
430,"M","SOCG","No","No",178,4,5,3,4,"Koufu",3,4,4,4,4,3,3,4,3,4
431,"F","PSYC","Yes","No",161,3,3,3,6,"Funan",5,3,3,4,4,3,3,3,3,4
432,"M","PSYC","No","No",181,2,5,5,3,"Koufu",3,6,5,4,5,3,4,6,4,3
433,"F","POSC","No","No",160,2,3,5,5,"Funan",3,5,4,6,5,3,3,5,3,3
434,"F","PSYC","Yes","No",156,2,2,3,6,"Funan",5,5,3,4,4,3,4,3,4,5
435,"F","PSYC","No","Yes",156,5,5,2,4,"Koufu",4,2,5,4,3,6,4,5,4,3
436,"M","POSC","Yes","No",177,3,5,4,4,"Connexion",3,6,4,4,5,5,2,4,3,3
437,"M","PSYC","No","No",175,2,5,6,4,"Funan",4,8,4,4,6,3,3,4,3,4
438,"M","POSC","No","No",181,3,4,5,3,"Koufu",3,6,5,4,5,5,3,5,4,3
439,"F","PSYC","Yes","No",167,4,3,2,5,"Koufu",4,2,4,4,3,6,4,4,4,4
440,"F","PSYC","No","No",160,3,4,3,4,"Connexion",4,5,5,4,3,4,4,5,4,3
441,"F","POSC","No","No",157,5,4,2,4,"Connexion",3,2,3,5,3,5,2,5,2,2
442,"M","SOCG","No","No",175,3,5,4,3,"Funan",5,5,6,2,3,5,5,6,5,3
443,"M","PSYC","No","No",175,1,4,6,4,"Koufu",3,7,4,5,6,2,2,4,2,3
444,"M","PSYC","Yes","No",175,2,5,5,5,"Connexion",4,7,3,3,5,3,1,2,1,4
445,"F","SOCG","No","No",153,4,3,3,6,"Koufu",2,2,2,5,3,4,3,3,3,4
446,"F","PSYC","Yes","No",167,3,3,3,5,"Koufu",4,4,3,5,4,5,4,4,4,4
447,"M","SOCG","No","Yes",174,3,6,4,4,"Connexion",3,4,4,3,4,3,2,4,2,3
448,"F","POSC","Yes","No",158,4,4,3,5,"Funan",5,4,5,4,3,5,3,4,4,4
449,"M","POSC","No","No",170,1,4,5,4,"Connexion",3,8,4,5,6,3,2,5,2,2
450,"M","POSC","No","No",175,2,5,6,3,"Koufu",2,7,5,5,5,4,4,6,4,2
451,"F","PSYC","Yes","No",170,3,3,3,5,"Koufu",4,4,5,5,4,5,4,4,5,5
452,"M","POSC","No","No",172,1,4,7,3,"Funan",3,8,4,5,5,3,4,4,5,5
453,"F","PSYC","Yes","No",156,2,3,4,4,"Funan",5,5,4,4,3,3,2,4,2,3
454,"F","PSYC","Yes","No",171,4,4,3,6,"Funan",6,4,3,3,4,4,3,3,3,5
455,"M","PSYC","No","No",175,5,5,3,5,"Koufu",4,5,4,3,4,5,5,4,5,6
456,"M","PSYC","No","No",173,4,5,5,4,"Connexion",4,6,3,3,5,5,3,5,3,3
457,"M","POSC","No","No",176,2,5,6,3,"Koufu",4,8,4,4,5,3,4,5,4,4
458,"M","PSYC","No","No",158,1,4,6,3,"Koufu",3,9,6,4,5,4,4,6,4,2
459,"F","PSYC","No","Yes",164,4,5,3,4,"Koufu",5,4,4,4,3,5,5,5,5,4
460,"F","POSC","No","No",159,3,4,4,4,"Connexion",4,6,3,4,5,5,3,4,3,3
461,"F","SOCG","Yes","Yes",159,3,4,3,5,"Connexion",3,4,4,4,3,4,3,5,3,3
462,"M","POSC","No","No",151,3,4,5,3,"Funan",5,6,6,3,3,3,5,5,5,5
463,"F","PSYC","Yes","Yes",163,2,4,4,5,"Connexion",3,5,4,5,5,3,3,3,3,4
464,"M","SOCG","No","Yes",178,4,5,3,3,"Funan",6,7,4,1,5,5,3,4,3,4
465,"F","POSC","Yes","No",173,2,3,4,4,"Koufu",4,6,3,5,5,4,5,5,5,4
466,"F","SOCG","Yes","No",151,2,3,5,5,"Connexion",4,5,3,4,4,4,3,2,3,5
467,"F","POSC","No","No",156,3,4,4,5,"Koufu",4,5,3,4,5,3,5,4,5,5
468,"F","SOCG","Yes","No",156,3,3,3,6,"Funan",3,4,3,4,4,4,2,2,2,4
469,"F","POSC","No","No",162,4,4,4,5,"Funan",5,4,4,3,4,4,3,4,3,4
470,"M","POSC","No","No",163,3,4,4,4,"Funan",4,5,4,4,4,4,3,6,4,3
471,"M","PSYC","No","Yes",166,4,6,5,3,"Koufu",4,6,4,3,4,4,5,5,5,5
472,"M","PSYC","No","No",165,4,5,6,4,"Funan",5,7,4,3,5,4,3,5,4,4
473,"F","SOCG","Yes","No",152,3,3,3,5,"Koufu",5,3,3,3,3,6,3,4,3,2
474,"M","POSC","Yes","No",168,4,5,4,3,"Connexion",4,5,4,4,4,5,4,4,5,5
475,"M","POSC","Yes","Yes",172,3,6,4,3,"Koufu",3,4,4,3,5,4,3,4,3,3
476,"F","PSYC","No","No",164,3,4,3,4,"Connexion",4,5,3,4,5,4,5,3,5,6
477,"F","POSC","Yes","No",158,2,3,4,4,"Connexion",4,6,4,5,5,4,4,4,4,4
478,"M","SOCG","No","No",178,3,5,5,3,"Funan",5,7,5,2,4,3,3,5,3,3
479,"F","PSYC","Yes","Yes",154,2,4,4,5,"Koufu",2,4,4,6,5,3,4,5,4,3
480,"M","PSYC","No","Yes",187,3,6,4,4,"Koufu",3,6,3,3,6,4,2,4,2,3
481,"M","PSYC","No","No",170,3,4,5,4,"Connexion",3,6,4,5,4,4,3,4,3,3
482,"M","PSYC","No","No",183,3,5,6,2,"Connexion",4,7,7,4,5,3,6,6,6,5
483,"F","POSC","No","No",154,2,3,4,6,"Funan",5,5,2,4,5,3,1,1,1,4
484,"F","POSC","No","No",161,2,3,4,4,"Funan",4,6,4,4,5,3,5,5,5,4
485,"F","PSYC","No","No",161,3,5,3,6,"Funan",6,4,4,2,4,4,3,4,3,3
486,"M","POSC","No","No",178,3,5,5,3,"Funan",5,6,5,3,4,4,4,5,4,3
487,"F","PSYC","No","No",157,1,3,5,5,"Connexion",4,5,2,5,4,3,3,2,3,5
488,"F","SOCG","No","No",169,3,4,4,5,"Connexion",3,6,3,4,4,4,4,2,4,6
489,"F","SOCG","No","No",162,3,4,3,5,"Connexion",4,3,4,4,3,5,6,4,6,5
490,"M","SOCG","No","Yes",179,2,5,5,4,"Funan",5,6,4,2,5,4,5,4,5,5
491,"F","SOCG","No","No",177,3,5,3,5,"Connexion",3,3,4,4,4,4,4,4,4,4
492,"M","PSYC","No","No",182,5,6,4,3,"Funan",6,6,5,1,4,5,5,6,5,4
493,"M","PSYC","No","No",163,3,4,5,5,"Koufu",3,5,3,5,6,4,4,4,4,4
494,"F","SOCG","No","Yes",172,4,5,3,5,"Koufu",3,5,3,4,5,5,4,3,4,5
495,"M","PSYC","No","No",181,4,5,4,3,"Funan",4,6,4,4,5,4,3,4,3,4
496,"F","POSC","Yes","No",158,2,3,4,5,"Funan",3,6,3,5,4,3,3,4,3,4
497,"M","PSYC","Yes","Yes",176,1,5,6,4,"Connexion",3,5,4,5,5,3,4,4,4,4
498,"F","PSYC","Yes","Yes",167,3,5,4,5,"Funan",4,3,3,4,3,4,2,4,2,2
499,"F","PSYC","Yes","No",163,5,4,2,5,"Funan",4,3,3,4,3,6,4,3,4,5
500,"M","POSC","No","Yes",175,4,5,4,3,"Connexion",4,7,5,4,5,5,4,4,5,5
501,"F","SOCG","No","No",165,2,4,4,4,"Koufu",3,5,3,4,5,4,4,3,4,5
502,"F","PSYC","Yes","Yes",170,2,4,4,5,"Connexion",3,4,4,5,3,4,3,3,3,4
503,"M","POSC","No","No",164,2,4,6,4,"Connexion",2,7,3,4,5,2,2,5,2,2
504,"M","PSYC","No","No",171,4,5,4,3,"Koufu",3,4,4,4,3,4,4,5,4,4
505,"F","SOCG","Yes","No",158,3,3,3,4,"Koufu",4,4,5,4,4,6,4,5,4,3
506,"M","POSC","Yes","No",171,2,4,5,3,"Koufu",4,6,4,4,4,4,4,4,4,4
507,"F","POSC","No","No",157,2,3,4,5,"Koufu",3,3,4,5,3,5,4,4,4,3
508,"F","PSYC","No","No",163,1,3,4,5,"Connexion",4,4,4,4,4,2,3,5,3,3
509,"F","PSYC","No","No",154,3,4,4,4,"Funan",6,4,3,2,4,4,4,3,4,5
510,"F","SOCG","No","Yes",156,2,3,5,4,"Funan",4,4,4,4,4,4,2,3,2,3
511,"M","SOCG","No","No",172,2,5,4,4,"Funan",5,5,3,2,5,4,4,3,4,5
512,"M","PSYC","No","No",188,1,6,7,3,"Koufu",3,8,5,4,6,3,5,4,5,5
513,"F","PSYC","No","No",156,5,4,3,5,"Koufu",4,5,3,4,4,5,3,4,3,4
514,"F","PSYC","No","No",167,3,4,3,5,"Connexion",3,4,3,4,4,4,4,5,4,3
515,"F","SOCG","No","No",155,1,3,5,5,"Connexion",3,6,3,5,5,3,3,4,3,3
516,"M","PSYC","Yes","Yes",177,3,5,4,3,"Funan",5,5,6,3,4,5,4,5,5,4
517,"M","SOCG","No","No",188,1,5,5,3,"Funan",4,6,5,3,5,3,5,6,5,3
518,"F","POSC","No","No",155,2,4,4,5,"Connexion",3,4,3,5,5,4,4,5,4,3
519,"F","SOCG","Yes","No",166,4,4,2,6,"Funan",4,3,2,4,3,4,4,3,4,5
520,"M","PSYC","No","No",172,2,4,5,3,"Funan",5,6,5,2,5,3,2,4,3,3
521,"M","PSYC","No","No",171,1,4,7,5,"Koufu",3,7,3,4,6,2,4,4,4,4
522,"F","PSYC","Yes","No",156,2,3,4,5,"Koufu",2,6,3,5,5,3,3,3,3,4
523,"F","PSYC","No","Yes",157,4,4,3,5,"Connexion",3,2,4,5,3,5,5,4,5,5
524,"F","SOCG","Yes","No",162,3,4,2,6,"Funan",5,2,3,3,3,4,4,3,4,5
525,"F","SOCG","No","Yes",154,1,3,5,5,"Funan",4,5,3,4,4,3,5,4,5,5
526,"M","POSC","No","No",181,3,5,5,4,"Funan",5,6,4,3,4,3,3,5,3,3
527,"F","SOCG","No","No",160,1,2,5,5,"Koufu",3,4,2,5,5,1,2,2,2,5
528,"F","PSYC","Yes","Yes",160,2,4,5,6,"Connexion",2,7,2,6,5,3,3,3,3,4
529,"F","PSYC","Yes","Yes",153,4,5,2,4,"Koufu",3,2,4,4,3,6,2,3,3,3
530,"F","PSYC","No","No",161,3,4,3,5,"Koufu",3,3,3,5,4,5,3,3,3,4
531,"M","POSC","No","Yes",174,4,5,3,3,"Funan",4,4,4,3,4,6,4,3,4,5
532,"M","PSYC","No","No",174,1,4,6,4,"Funan",5,7,4,3,5,2,5,4,5,5
533,"M","POSC","No","Yes",185,1,5,5,4,"Connexion",2,5,4,4,6,3,3,3,4,5
534,"F","SOCG","Yes","No",168,3,4,4,5,"Koufu",3,3,4,5,4,4,4,3,4,5
535,"M","PSYC","Yes","No",170,1,4,6,3,"Connexion",4,7,5,4,5,3,4,5,4,3
536,"M","PSYC","Yes","No",175,5,6,3,2,"Koufu",4,3,6,3,2,5,3,5,4,4
537,"F","PSYC","No","No",162,3,3,4,4,"Koufu",3,4,3,5,5,4,2,4,2,3
538,"M","PSYC","No","No",174,4,5,5,4,"Funan",4,6,4,4,5,5,4,5,4,4
539,"F","PSYC","No","No",170,3,4,3,5,"Funan",6,5,4,2,4,3,4,4,4,5
540,"M","SOCG","Yes","No",171,1,3,7,4,"Koufu",3,7,4,5,6,3,4,4,4,4
541,"F","PSYC","No","No",164,4,3,2,5,"Connexion",3,4,3,5,4,5,3,3,3,4
542,"M","PSYC","Yes","Yes",178,5,7,4,4,"Koufu",4,7,5,3,4,5,4,5,4,4
543,"F","PSYC","Yes","No",175,1,4,5,5,"Connexion",3,6,3,5,5,2,2,3,2,3
544,"F","PSYC","Yes","No",168,3,4,3,4,"Connexion",3,3,4,4,4,5,3,4,3,3
545,"F","PSYC","No","No",168,1,3,4,6,"Connexion",3,4,3,6,4,3,4,3,4,5
546,"F","PSYC","No","Yes",159,5,4,3,5,"Koufu",3,4,3,5,4,6,3,3,3,4
547,"F","PSYC","No","No",170,1,3,4,5,"Koufu",3,5,4,5,4,3,5,4,5,5
548,"F","PSYC","Yes","No",160,2,3,4,5,"Koufu",3,5,3,5,6,3,3,5,3,3
549,"M","SOCG","No","Yes",166,4,6,4,3,"Koufu",3,5,4,4,5,5,3,3,3,4
550,"F","PSYC","No","Yes",173,3,5,3,4,"Funan",4,5,4,4,4,4,4,4,4,4
551,"F","POSC","No","No",165,3,4,4,6,"Funan",4,4,3,4,5,3,3,4,3,4
552,"M","PSYC","Yes","Yes",177,3,6,5,4,"Connexion",4,7,4,3,6,5,4,1,4,7
553,"F","SOCG","No","No",164,4,4,2,5,"Koufu",3,2,3,5,4,5,4,3,4,5
554,"M","POSC","No","No",163,3,4,5,4,"Funan",4,8,4,4,6,4,2,4,3,4
555,"M","PSYC","No","No",169,5,5,4,4,"Connexion",4,6,4,3,4,5,5,4,5,6
556,"M","SOCG","No","Yes",187,3,6,5,3,"Funan",4,6,5,3,5,4,3,4,3,3
557,"F","PSYC","No","No",153,1,2,4,3,"Funan",4,5,5,4,3,3,3,5,3,2
558,"F","POSC","Yes","No",170,1,3,4,6,"Funan",3,4,2,5,4,3,3,3,3,4
559,"M","PSYC","No","No",175,5,5,3,3,"Connexion",4,4,5,4,3,6,5,5,5,4
560,"M","POSC","No","No",180,3,5,4,3,"Funan",5,6,5,3,5,5,3,4,4,4
561,"F","PSYC","No","No",155,3,4,3,5,"Connexion",3,4,3,5,4,3,4,4,4,5
562,"M","PSYC","Yes","No",179,4,5,4,4,"Connexion",2,3,4,5,4,5,3,5,3,2
563,"M","PSYC","Yes","Yes",174,3,5,5,4,"Connexion",4,7,4,4,6,2,3,4,3,4
564,"F","POSC","No","No",155,2,3,4,5,"Koufu",3,5,5,5,4,4,5,5,5,4
565,"M","PSYC","No","No",175,3,5,4,4,"Connexion",3,5,4,4,5,5,4,5,4,3
566,"M","PSYC","No","No",175,1,4,7,3,"Koufu",3,7,4,5,6,2,4,3,4,5
567,"F","PSYC","No","No",167,3,4,3,5,"Koufu",3,3,3,5,4,3,4,4,4,5
568,"M","POSC","No","No",171,3,5,5,4,"Funan",6,5,3,2,5,4,4,3,4,5
569,"F","PSYC","No","No",167,3,4,4,5,"Koufu",3,4,3,5,5,4,4,3,4,5
570,"M","PSYC","No","No",159,5,5,3,3,"Connexion",4,4,5,4,3,6,4,4,4,4
571,"F","PSYC","No","No",166,3,3,3,5,"Connexion",3,2,2,6,3,4,2,2,2,4
572,"F","POSC","Yes","No",155,3,3,3,5,"Koufu",4,5,4,5,4,5,4,4,4,4
573,"M","SOCG","No","Yes",171,2,5,6,3,"Connexion",3,6,4,4,4,2,3,4,4,5
574,"M","SOCG","Yes","No",175,2,4,6,3,"Koufu",2,7,5,4,5,3,4,4,4,4
575,"F","POSC","Yes","No",167,1,3,4,5,"Funan",5,4,4,4,4,3,3,3,3,4
576,"M","POSC","No","No",171,2,4,5,3,"Koufu",2,6,5,5,4,4,4,5,5,4
577,"F","SOCG","No","No",160,4,4,2,5,"Connexion",3,2,4,4,3,5,3,5,3,2
578,"M","SOCG","Yes","No",171,4,5,4,4,"Funan",3,4,5,4,5,5,5,5,5,4
579,"F","PSYC","No","Yes",164,2,3,5,5,"Koufu",3,3,4,5,4,4,3,5,3,2
580,"F","SOCG","No","No",162,3,3,4,4,"Funan",6,5,4,2,4,5,3,5,3,2
581,"M","PSYC","Yes","Yes",173,4,6,5,4,"Funan",4,7,3,3,6,5,3,2,3,5
582,"M","SOCG","No","No",168,3,4,4,4,"Koufu",3,5,4,4,4,4,4,3,4,5
583,"M","POSC","No","No",166,4,5,4,3,"Koufu",4,5,4,4,4,5,5,3,5,6
584,"M","PSYC","No","No",167,5,5,2,4,"Koufu",3,3,4,4,3,4,4,6,4,3
585,"M","PSYC","No","Yes",176,2,5,5,5,"Connexion",4,6,3,4,6,3,2,4,2,3
586,"M","SOCG","Yes","No",180,2,5,6,4,"Funan",4,8,5,3,5,3,4,4,4,5
587,"M","SOCG","No","No",175,3,4,5,3,"Funan",5,7,5,2,5,4,5,5,5,4
588,"M","PSYC","Yes","No",167,4,5,4,3,"Connexion",3,7,5,4,4,5,4,5,5,4
589,"M","PSYC","No","No",172,5,5,3,3,"Connexion",4,5,5,3,3,5,3,6,3,2
590,"F","SOCG","No","No",153,3,3,3,5,"Funan",4,4,4,5,3,5,5,4,5,5
591,"M","PSYC","No","Yes",184,3,6,6,4,"Connexion",4,7,4,3,6,4,3,4,3,3
592,"F","PSYC","Yes","No",164,3,3,4,6,"Funan",5,5,2,3,5,3,2,3,2,4
593,"F","PSYC","No","No",166,3,4,4,6,"Funan",5,5,3,4,5,4,3,3,3,4
594,"F","SOCG","No","No",164,3,5,3,5,"Koufu",4,3,5,2,3,5,3,4,4,4
595,"F","POSC","No","No",169,2,4,4,5,"Connexion",4,5,3,4,5,3,3,3,3,4
596,"F","SOCG","Yes","No",156,1,2,4,5,"Koufu",3,4,4,5,4,3,4,3,4,5
597,"F","SOCG","No","No",163,3,4,4,5,"Funan",5,4,3,3,4,3,3,5,3,3
598,"M","PSYC","No","Yes",172,1,4,5,3,"Koufu",3,7,5,4,5,4,3,6,3,1
599,"F","PSYC","No","Yes",155,1,4,4,5,"Funan",5,3,3,4,4,3,3,5,3,2
600,"M","PSYC","Yes","No",173,1,3,7,4,"Funan",4,8,5,4,6,2,4,5,4,4
601,"F","PSYC","No","No",161,2,4,4,5,"Funan",4,5,4,4,4,5,4,5,4,2
602,"F","SOCG","No","No",160,2,3,3,5,"Koufu",2,3,5,5,3,4,4,5,4,3
603,"M","PSYC","No","Yes",181,3,6,4,5,"Koufu",5,5,3,3,5,4,4,4,4,4
604,"F","POSC","No","No",162,2,4,4,5,"Koufu",4,5,4,4,5,2,3,5,3,3
605,"M","SOCG","No","Yes",177,2,5,5,4,"Koufu",2,6,4,4,5,3,3,4,3,4
606,"F","SOCG","Yes","No",155,2,3,5,6,"Connexion",3,7,3,4,5,4,2,3,2,3
607,"F","PSYC","Yes","No",160,2,4,3,6,"Funan",4,4,3,4,3,5,4,3,4,4
608,"M","PSYC","Yes","No",173,3,4,4,3,"Koufu",3,6,5,4,5,5,3,5,3,2
609,"F","SOCG","Yes","Yes",174,1,5,4,5,"Koufu",3,5,3,4,5,4,3,4,3,3
610,"M","SOCG","No","No",177,3,6,4,4,"Funan",6,5,3,2,4,3,4,4,4,5
611,"M","SOCG","No","No",168,2,5,5,3,"Funan",5,7,6,2,4,3,5,6,5,4
612,"M","POSC","No","No",172,2,5,6,3,"Connexion",5,8,5,3,4,3,4,5,4,4
613,"F","PSYC","No","No",168,2,3,4,6,"Koufu",3,4,2,5,5,4,3,3,3,4
614,"M","SOCG","No","No",180,4,6,5,4,"Koufu",3,6,3,4,6,4,4,4,4,5
615,"M","PSYC","Yes","No",168,3,4,4,2,"Funan",4,7,6,4,5,6,4,5,5,4
616,"F","PSYC","No","Yes",167,2,3,4,5,"Koufu",3,4,3,5,5,4,2,4,2,2
617,"M","PSYC","No","No",177,3,6,5,3,"Koufu",3,5,5,4,3,4,3,5,4,4
618,"F","PSYC","No","No",162,3,4,4,5,"Koufu",5,2,3,3,3,3,5,2,5,7
619,"F","SOCG","Yes","No",159,4,4,3,5,"Funan",4,5,3,4,4,4,4,3,4,6
620,"M","PSYC","Yes","No",176,5,5,3,2,"Funan",5,4,5,3,2,5,5,4,5,5
621,"M","POSC","No","Yes",174,2,5,6,4,"Connexion",4,7,4,4,6,3,5,3,5,6
622,"F","PSYC","No","No",159,5,5,2,5,"Connexion",4,3,3,4,3,6,3,5,3,3
623,"F","PSYC","No","Yes",154,4,4,3,5,"Funan",5,4,3,4,3,4,2,4,2,3
624,"M","SOCG","No","No",165,4,5,4,4,"Koufu",3,4,3,4,4,4,4,2,4,6
625,"M","PSYC","No","No",171,3,6,4,3,"Koufu",4,5,5,3,5,4,4,4,4,4
626,"F","PSYC","No","No",171,1,3,5,4,"Funan",5,6,4,4,4,3,4,3,4,5
627,"F","POSC","Yes","No",156,1,3,4,5,"Connexion",3,5,4,5,4,3,3,4,4,4
628,"M","SOCG","Yes","No",175,3,4,6,4,"Connexion",3,7,4,4,5,3,3,5,3,3
629,"F","PSYC","No","No",157,2,3,3,4,"Connexion",3,3,4,5,3,4,3,4,3,3
630,"M","PSYC","Yes","No",186,4,5,4,5,"Connexion",4,5,3,4,5,4,3,3,3,5
631,"M","PSYC","Yes","Yes",165,4,5,4,3,"Connexion",3,6,4,4,5,4,3,4,3,4
632,"M","PSYC","No","Yes",178,3,5,5,4,"Connexion",2,7,3,5,5,4,3,4,3,4
633,"F","PSYC","No","No",165,4,4,2,5,"Connexion",4,4,4,4,4,5,4,4,4,4
634,"F","POSC","No","No",161,1,2,5,6,"Funan",5,4,4,4,4,3,5,2,5,6
635,"F","POSC","No","No",162,5,5,3,5,"Funan",6,3,3,3,3,5,3,4,3,4
636,"M","SOCG","Yes","No",176,4,5,4,4,"Koufu",1,5,4,5,4,4,3,3,3,5
637,"F","PSYC","No","No",171,1,3,4,6,"Koufu",2,4,3,6,4,3,3,4,3,3
638,"F","SOCG","Yes","Yes",166,4,5,3,5,"Funan",4,4,4,4,5,6,3,4,3,3
639,"M","SOCG","No","No",172,1,4,6,3,"Funan",4,7,4,3,5,3,4,4,4,4
640,"M","PSYC","Yes","No",170,2,4,5,3,"Koufu",3,6,4,5,4,2,3,3,3,5
641,"F","SOCG","No","No",155,3,3,3,5,"Koufu",2,4,4,5,3,5,4,4,4,4
642,"M","PSYC","No","No",167,4,5,4,4,"Koufu",4,6,5,4,5,4,5,4,5,6
643,"F","SOCG","Yes","No",159,5,3,2,6,"Koufu",3,4,2,4,4,3,2,1,2,6
644,"M","PSYC","Yes","No",180,2,4,4,3,"Koufu",5,5,5,3,4,3,4,5,4,3
645,"M","PSYC","Yes","No",185,1,4,5,4,"Connexion",3,6,4,4,5,3,2,4,3,3
646,"F","PSYC","No","No",154,2,3,3,5,"Connexion",4,3,4,5,3,4,4,4,4,4
647,"M","SOCG","Yes","Yes",165,1,4,5,4,"Funan",6,6,4,2,5,4,4,3,4,4
648,"M","PSYC","No","No",167,1,4,6,2,"Koufu",4,9,5,4,5,3,3,5,3,2
649,"M","PSYC","Yes","Yes",176,3,6,4,3,"Connexion",3,7,5,4,5,6,4,6,5,3
650,"F","SOCG","Yes","No",162,5,4,1,5,"Funan",5,3,4,3,4,6,4,4,4,4
651,"M","SOCG","No","No",181,3,5,4,3,"Koufu",4,6,5,3,5,4,3,6,3,2
652,"M","PSYC","No","No",173,3,5,4,4,"Connexion",2,6,4,5,5,4,4,4,4,4
653,"F","POSC","No","Yes",160,4,5,3,5,"Koufu",4,3,4,4,4,4,3,4,3,4
654,"F","SOCG","No","Yes",163,3,4,3,5,"Koufu",4,2,2,4,4,3,3,4,3,3
655,"M","SOCG","No","No",166,2,4,6,4,"Koufu",4,8,3,4,6,2,3,5,3,3
656,"M","PSYC","No","Yes",178,4,5,5,4,"Connexion",3,7,5,4,6,5,3,4,3,4
657,"M","PSYC","No","No",174,3,5,4,3,"Koufu",4,8,4,3,5,3,5,3,5,6
658,"F","PSYC","No","No",172,3,4,3,5,"Connexion",4,3,4,4,4,4,4,4,4,4
659,"M","PSYC","Yes","No",182,1,3,6,3,"Funan",6,7,4,3,5,4,5,5,5,4
660,"F","SOCG","No","No",159,3,4,4,3,"Koufu",4,5,5,4,3,5,3,4,3,3
661,"M","SOCG","No","No",173,1,4,6,3,"Koufu",3,7,5,4,5,3,5,4,5,5
662,"M","POSC","Yes","No",175,1,4,6,3,"Connexion",4,7,4,4,6,2,2,3,3,4
663,"M","PSYC","Yes","No",179,2,5,5,3,"Connexion",3,6,5,3,4,4,4,6,4,2
664,"F","POSC","No","Yes",150,2,4,3,4,"Funan",6,4,4,2,3,4,4,3,4,5
665,"F","PSYC","Yes","No",171,3,3,4,5,"Connexion",2,7,4,6,5,4,3,4,3,4
666,"M","PSYC","No","No",174,4,5,3,4,"Koufu",4,5,4,4,4,5,4,3,4,5
667,"M","PSYC","Yes","No",159,3,4,4,3,"Koufu",4,5,4,4,4,4,3,4,3,3
668,"M","PSYC","No","No",161,2,4,5,4,"Koufu",4,6,4,3,4,3,5,4,5,5
669,"M","SOCG","Yes","No",175,2,4,5,3,"Connexion",4,7,4,4,6,3,4,3,4,5
670,"F","POSC","No","No",173,4,5,3,5,"Funan",5,4,5,3,3,5,4,4,4,4
671,"F","POSC","No","No",161,3,4,4,5,"Koufu",3,5,3,4,4,3,2,3,2,4
672,"F","PSYC","No","No",159,3,4,4,6,"Koufu",4,4,2,5,4,4,1,2,1,3
673,"M","PSYC","No","No",176,4,5,4,4,"Koufu",3,5,5,5,4,4,4,6,4,3
674,"F","PSYC","Yes","No",170,5,4,2,6,"Koufu",4,3,2,4,3,5,2,2,2,5
675,"F","PSYC","Yes","Yes",177,3,5,4,5,"Connexion",4,5,5,4,4,4,4,5,4,3
676,"M","POSC","Yes","No",164,2,4,4,4,"Funan",5,6,3,3,5,4,2,4,3,3
677,"F","SOCG","No","No",167,4,4,3,5,"Koufu",3,4,4,4,4,5,3,3,3,4
678,"M","PSYC","No","Yes",173,5,6,3,3,"Funan",4,5,4,3,5,4,4,4,4,5
679,"F","POSC","Yes","No",159,1,3,4,4,"Connexion",3,6,4,6,5,3,4,5,4,3
680,"M","PSYC","No","Yes",180,3,6,5,4,"Funan",6,5,4,2,5,3,4,5,4,4
681,"F","PSYC","Yes","Yes",150,2,4,3,4,"Funan",4,3,5,5,3,5,3,4,4,3
682,"F","PSYC","No","Yes",153,2,3,5,5,"Funan",4,7,4,4,5,4,4,4,4,4
683,"F","PSYC","No","Yes",161,2,4,4,5,"Funan",5,5,3,3,4,3,3,4,3,3
684,"F","SOCG","No","Yes",164,3,4,3,4,"Connexion",2,3,4,5,2,4,4,4,4,4
685,"M","POSC","No","No",190,3,6,4,3,"Koufu",5,5,6,2,4,5,7,5,7,6
686,"F","PSYC","No","Yes",160,4,4,3,5,"Koufu",3,4,3,5,4,6,4,3,4,5
687,"M","PSYC","Yes","No",165,2,3,5,2,"Koufu",4,6,5,4,5,5,2,5,3,2
688,"F","SOCG","No","Yes",155,1,4,5,5,"Connexion",3,5,3,4,4,3,3,3,3,4
689,"M","SOCG","No","Yes",171,1,4,6,4,"Koufu",4,7,4,3,6,3,4,3,4,5
690,"F","PSYC","No","No",165,2,4,4,4,"Koufu",3,6,4,5,5,3,4,3,4,5
691,"M","POSC","No","No",183,3,6,4,4,"Koufu",2,5,4,4,5,3,4,6,5,4
692,"M","POSC","Yes","No",173,3,5,5,3,"Funan",5,6,5,3,5,5,5,4,5,5
693,"M","PSYC","Yes","Yes",171,1,5,7,3,"Funan",4,9,5,3,5,2,4,4,4,5
694,"M","PSYC","No","No",184,3,5,5,3,"Connexion",3,6,5,5,5,5,5,5,5,4
695,"M","POSC","No","No",174,4,5,4,4,"Koufu",4,4,3,3,4,4,4,3,4,5
696,"M","PSYC","No","No",162,4,4,3,3,"Funan",5,5,5,3,3,4,4,4,4,5
697,"F","PSYC","Yes","No",159,3,3,4,5,"Connexion",3,5,2,6,5,4,3,3,3,4
698,"M","PSYC","No","No",182,3,5,5,3,"Koufu",2,4,5,5,4,6,4,5,4,3
699,"M","PSYC","Yes","No",169,3,4,5,4,"Koufu",3,7,4,4,5,3,2,4,2,3
700,"M","POSC","Yes","No",183,1,4,6,3,"Koufu",3,8,4,4,5,2,3,3,3,5
701,"M","PSYC","No","No",170,4,5,4,4,"Connexion",4,6,4,3,5,3,4,4,4,5
702,"F","SOCG","No","No",156,4,4,4,6,"Funan",4,4,2,3,4,4,5,2,4,6
703,"M","PSYC","Yes","Yes",181,3,6,4,4,"Funan",5,4,5,2,4,5,3,3,4,5
704,"F","PSYC","No","No",172,5,4,2,5,"Koufu",5,2,3,4,4,6,4,3,4,5
705,"M","PSYC","Yes","No",169,5,5,4,4,"Koufu",3,6,4,4,4,5,5,3,5,6
706,"M","PSYC","No","No",183,2,5,5,4,"Funan",4,7,4,4,5,4,4,4,4,4
707,"M","POSC","No","No",182,4,5,4,3,"Connexion",3,5,3,4,4,4,3,3,3,5
708,"M","SOCG","No","Yes",165,4,5,4,5,"Connexion",4,4,4,3,5,3,4,5,4,4
709,"F","PSYC","No","No",162,2,3,3,5,"Connexion",4,5,4,5,4,3,4,4,4,4
710,"M","POSC","No","No",175,2,5,5,3,"Koufu",5,6,5,3,4,4,4,4,4,4
711,"F","PSYC","No","No",153,4,4,3,5,"Connexion",4,2,3,4,2,4,5,4,5,5
712,"M","PSYC","No","No",168,3,5,5,4,"Connexion",3,6,4,3,4,3,2,4,3,4
713,"M","POSC","No","No",155,2,4,5,4,"Koufu",3,6,4,4,4,3,2,3,3,4
714,"F","PSYC","No","No",160,2,3,4,4,"Connexion",2,4,4,5,4,4,3,4,3,3
715,"M","PSYC","No","No",181,1,5,5,3,"Koufu",4,6,4,3,4,3,3,3,3,4
716,"M","POSC","No","No",182,3,5,5,5,"Koufu",4,7,3,4,5,4,4,3,4,5
717,"F","PSYC","Yes","No",160,1,3,6,6,"Funan",5,7,3,4,5,2,4,4,4,4
718,"M","PSYC","Yes","No",179,3,5,4,3,"Koufu",4,6,4,3,5,4,2,5,3,3
719,"M","PSYC","No","No",179,2,4,5,3,"Koufu",2,8,5,5,4,4,4,5,5,4
720,"M","PSYC","No","No",164,2,4,6,2,"Connexion",2,6,5,5,4,3,4,6,4,3
721,"M","PSYC","Yes","No",169,2,4,5,4,"Funan",4,4,4,4,4,4,2,4,3,3
722,"M","POSC","No","No",173,3,5,5,3,"Connexion",3,8,4,4,4,4,3,4,3,4
723,"F","PSYC","No","No",157,3,4,4,4,"Koufu",3,5,2,5,5,4,2,3,2,3
724,"M","SOCG","Yes","No",176,3,5,5,4,"Connexion",2,6,4,4,5,5,3,5,3,2
725,"F","SOCG","No","Yes",167,3,3,3,4,"Koufu",4,4,3,4,4,4,3,4,3,3
726,"M","PSYC","No","No",179,4,6,4,3,"Koufu",4,7,5,3,5,4,5,5,5,5
727,"M","SOCG","Yes","No",177,4,5,4,4,"Koufu",3,7,4,4,5,5,3,4,4,4
728,"M","PSYC","No","Yes",162,4,6,5,4,"Connexion",4,7,5,3,4,4,3,4,3,4
729,"M","PSYC","Yes","Yes",168,4,6,4,2,"Funan",6,5,5,2,3,6,2,5,3,2
730,"M","POSC","Yes","No",182,3,5,6,3,"Funan",4,9,5,4,5,4,3,5,4,4
731,"F","POSC","No","No",165,2,3,3,5,"Funan",5,6,3,4,5,3,3,4,3,4
732,"F","PSYC","Yes","Yes",154,3,4,4,4,"Funan",6,5,3,3,4,4,2,2,2,4
733,"F","PSYC","No","No",171,2,3,4,5,"Funan",4,5,5,4,5,4,4,5,4,3
734,"F","PSYC","Yes","No",160,1,2,5,5,"Connexion",3,4,4,6,3,3,4,4,4,4
735,"F","POSC","Yes","No",167,4,4,1,4,"Funan",5,1,4,4,3,6,4,4,4,4
736,"M","PSYC","Yes","No",178,2,5,5,4,"Connexion",5,6,4,3,5,3,4,5,4,3
737,"M","PSYC","No","No",179,4,6,4,3,"Connexion",4,7,5,3,4,4,4,4,4,5
738,"M","SOCG","Yes","No",180,2,4,5,2,"Connexion",3,7,5,4,4,4,3,3,4,5
739,"M","PSYC","No","No",191,2,5,6,3,"Connexion",2,7,5,5,5,3,4,6,4,3
740,"M","PSYC","No","No",171,2,5,5,3,"Koufu",2,6,4,5,4,3,3,4,3,4
741,"F","PSYC","No","No",172,3,4,3,5,"Funan",5,3,3,4,3,5,3,3,3,4
742,"M","PSYC","Yes","Yes",170,2,5,4,3,"Funan",5,6,6,3,4,5,4,6,5,3
743,"M","POSC","No","No",185,1,5,7,4,"Connexion",3,7,4,4,6,2,2,6,2,1
744,"M","PSYC","Yes","No",179,4,4,4,4,"Koufu",3,4,5,5,5,4,4,4,4,5
745,"F","PSYC","No","Yes",160,1,3,5,5,"Funan",4,5,3,4,5,3,2,3,2,3
746,"M","PSYC","No","No",173,2,4,5,3,"Funan",5,7,5,3,5,4,5,5,5,4
747,"M","PSYC","No","Yes",172,1,4,5,3,"Funan",6,6,5,2,5,3,5,4,5,5
748,"M","POSC","No","No",173,4,6,4,3,"Connexion",3,5,4,3,4,5,3,5,3,3
749,"F","POSC","Yes","No",148,2,3,3,5,"Funan",3,4,4,5,4,5,4,5,4,3
750,"F","PSYC","No","Yes",161,2,4,4,4,"Connexion",3,3,4,4,4,4,5,3,5,5
751,"F","PSYC","Yes","No",167,3,4,3,5,"Connexion",2,5,3,6,4,4,3,5,3,2
752,"F","SOCG","No","No",173,4,5,4,5,"Funan",5,4,3,3,5,3,2,4,2,3
753,"M","POSC","Yes","No",178,2,4,5,4,"Funan",5,7,6,2,5,4,3,5,3,2
754,"F","POSC","No","Yes",157,2,4,3,5,"Connexion",4,3,4,3,3,5,2,4,3,2
755,"F","POSC","No","No",158,1,3,5,4,"Koufu",3,6,4,5,4,3,3,4,3,3
756,"M","POSC","Yes","Yes",168,1,5,7,3,"Connexion",5,8,5,3,6,3,3,4,3,3
757,"F","PSYC","No","No",159,3,4,3,5,"Connexion",3,4,3,4,4,5,4,3,4,5
758,"M","POSC","No","Yes",167,5,6,3,3,"Funan",5,3,5,2,3,6,3,5,4,3
759,"F","PSYC","Yes","No",152,1,1,5,4,"Funan",3,6,3,6,5,2,2,3,2,3
760,"F","PSYC","No","Yes",159,1,3,6,4,"Connexion",3,8,3,5,6,2,5,3,5,6
761,"M","PSYC","No","No",176,2,4,5,4,"Connexion",3,7,4,4,5,3,4,4,4,4
762,"F","SOCG","No","No",158,2,3,3,5,"Connexion",3,4,4,4,4,3,3,3,3,4
763,"M","PSYC","Yes","No",159,1,3,5,3,"Funan",5,6,5,4,4,3,4,5,4,3
764,"F","PSYC","Yes","No",168,4,4,2,5,"Connexion",4,3,3,5,4,6,4,4,4,4
765,"F","POSC","No","No",173,1,4,4,5,"Koufu",3,6,4,5,5,3,3,4,3,3
766,"M","SOCG","Yes","No",171,3,5,6,3,"Funan",3,8,5,4,6,4,4,4,4,4
767,"M","PSYC","No","No",171,3,5,4,3,"Funan",5,6,4,3,3,4,4,5,4,4
768,"F","POSC","Yes","Yes",159,3,4,4,6,"Funan",5,4,3,3,4,5,2,3,2,3
769,"M","POSC","No","No",171,1,4,6,3,"Funan",4,7,5,3,5,3,3,4,3,3
770,"F","POSC","No","No",165,1,3,5,5,"Connexion",4,6,3,4,5,2,4,4,4,4
771,"M","PSYC","No","No",172,1,3,6,3,"Koufu",2,7,4,6,5,1,3,3,3,5
772,"M","SOCG","No","No",176,1,4,5,3,"Koufu",4,4,4,4,5,3,5,4,5,5
773,"M","SOCG","Yes","Yes",185,3,6,6,4,"Koufu",3,7,4,3,5,3,4,2,4,7
774,"F","POSC","No","No",153,3,4,2,4,"Connexion",3,3,4,4,3,5,3,5,3,2
775,"M","PSYC","Yes","No",177,1,4,7,4,"Connexion",3,9,4,4,6,1,2,3,2,4
776,"F","PSYC","Yes","No",159,4,4,3,6,"Koufu",4,2,3,4,4,5,4,3,4,5
777,"M","PSYC","Yes","Yes",180,2,5,6,3,"Koufu",2,7,3,4,5,3,1,4,1,2
778,"F","PSYC","No","No",160,3,3,3,4,"Koufu",4,4,5,4,4,4,4,4,4,4
779,"F","PSYC","No","No",161,2,3,4,5,"Funan",4,5,4,4,4,3,4,4,4,4
780,"M","PSYC","No","Yes",181,3,6,5,4,"Connexion",2,6,3,4,5,3,4,3,4,6
781,"F","PSYC","No","No",159,1,3,5,5,"Funan",5,5,3,4,5,3,3,5,3,2
782,"F","PSYC","Yes","No",155,3,3,3,6,"Connexion",4,3,3,4,3,4,2,4,2,2
783,"M","SOCG","No","No",170,4,5,4,4,"Connexion",4,5,4,3,4,5,4,5,4,3
784,"F","PSYC","No","Yes",165,2,4,4,4,"Funan",5,5,4,3,4,3,2,3,2,4
785,"F","SOCG","Yes","No",161,5,3,2,5,"Connexion",3,3,4,5,4,5,4,4,4,4
786,"F","PSYC","No","No",156,3,4,4,4,"Connexion",4,3,4,4,3,4,4,3,4,5
787,"F","POSC","No","Yes",154,3,3,2,5,"Funan",5,3,3,4,3,4,2,4,2,2
788,"F","PSYC","No","No",178,3,4,3,4,"Connexion",4,2,4,4,3,5,4,4,4,4
789,"M","PSYC","Yes","No",176,2,4,5,4,"Connexion",4,6,4,4,5,3,4,3,4,5
790,"M","POSC","No","No",183,2,5,5,4,"Koufu",4,7,5,4,6,3,4,4,4,5
791,"M","SOCG","Yes","No",189,2,5,5,3,"Funan",5,5,5,3,6,3,4,5,4,4
792,"M","PSYC","No","No",172,5,6,3,4,"Connexion",5,4,4,3,3,6,4,4,4,4
793,"F","PSYC","No","No",164,2,4,4,4,"Connexion",4,6,4,4,5,4,4,5,4,3
794,"M","SOCG","No","No",175,2,4,5,3,"Koufu",2,7,5,5,4,3,5,6,5,4
795,"F","SOCG","No","No",163,3,4,3,5,"Funan",5,5,2,3,5,4,2,2,2,4
796,"F","SOCG","No","No",157,4,4,3,5,"Funan",6,4,3,3,3,4,4,3,4,5
797,"M","POSC","No","No",179,3,5,4,3,"Koufu",3,7,4,4,5,4,4,4,4,4
798,"M","PSYC","No","No",175,2,4,5,4,"Koufu",4,6,5,4,4,4,3,4,4,4
799,"F","POSC","No","Yes",159,2,4,5,5,"Connexion",4,5,3,4,5,3,3,3,3,4
800,"F","PSYC","No","No",158,4,4,3,5,"Connexion",5,4,3,3,4,4,4,3,4,5
801,"F","PSYC","No","No",161,2,4,5,5,"Koufu",3,5,3,5,5,3,4,4,4,4
802,"F","POSC","Yes","No",164,2,3,4,5,"Koufu",3,5,3,5,4,2,3,4,3,4
803,"F","SOCG","No","No",158,3,4,5,4,"Funan",4,7,5,4,4,4,5,4,5,5
804,"M","POSC","No","No",169,2,5,4,3,"Koufu",4,4,4,3,4,5,5,5,5,3
805,"F","POSC","No","No",161,3,4,3,6,"Koufu",3,3,2,5,4,4,3,3,3,4
806,"F","POSC","No","No",164,3,4,5,4,"Koufu",3,5,3,4,3,4,2,3,2,3
807,"M","SOCG","No","No",173,2,4,5,4,"Koufu",4,6,5,3,4,4,4,5,4,3
808,"M","SOCG","No","No",162,5,5,3,3,"Koufu",3,5,5,4,3,5,4,4,4,5
809,"M","PSYC","No","No",166,2,4,6,4,"Koufu",3,8,3,5,5,2,2,5,2,2
810,"M","PSYC","Yes","No",177,4,4,5,3,"Koufu",4,6,4,4,5,4,3,5,4,4
811,"F","POSC","No","No",168,3,4,3,4,"Funan",5,4,4,3,4,4,3,2,3,5
812,"F","PSYC","No","No",164,1,3,4,4,"Koufu",3,4,4,5,4,4,3,5,3,2
813,"M","SOCG","No","Yes",182,3,6,5,4,"Funan",6,6,4,1,5,4,4,5,4,4
814,"M","PSYC","Yes","No",182,2,4,5,4,"Funan",5,6,5,3,5,4,3,3,3,4
815,"M","PSYC","Yes","No",181,2,4,5,4,"Funan",6,7,4,3,5,5,4,4,4,4
816,"M","SOCG","No","No",176,4,5,3,3,"Connexion",3,5,4,4,3,4,4,5,4,4
817,"M","SOCG","Yes","Yes",176,3,6,5,4,"Connexion",3,7,4,3,5,6,3,4,4,4
818,"M","PSYC","No","No",174,3,4,5,4,"Connexion",3,7,5,4,5,5,4,4,4,4
819,"M","SOCG","No","Yes",173,1,5,6,2,"Connexion",3,5,5,4,4,3,4,4,4,4
820,"M","POSC","No","No",167,5,6,3,4,"Funan",5,5,4,2,4,5,3,5,4,4
821,"M","PSYC","No","No",183,4,5,4,4,"Koufu",4,6,3,3,5,5,2,4,2,3
822,"M","PSYC","Yes","No",175,4,4,4,3,"Funan",6,5,6,2,4,5,3,4,4,4
823,"F","PSYC","No","No",161,1,3,6,6,"Connexion",3,7,4,6,6,3,3,5,3,2
824,"M","SOCG","Yes","Yes",175,4,6,2,3,"Koufu",3,2,5,3,2,5,4,4,4,4
825,"M","SOCG","No","Yes",178,2,5,4,3,"Funan",5,4,4,2,4,4,3,3,3,4
826,"M","PSYC","No","No",173,1,4,6,4,"Connexion",3,8,4,5,6,3,5,4,5,5
827,"M","PSYC","No","No",188,2,5,6,4,"Koufu",4,5,4,3,5,3,4,5,4,3
828,"F","PSYC","No","No",166,2,3,4,4,"Koufu",3,3,4,5,5,4,4,3,4,4
829,"F","PSYC","No","Yes",166,1,3,5,6,"Funan",3,6,3,5,5,3,2,3,2,3
830,"M","SOCG","No","No",173,3,5,5,4,"Funan",4,6,4,3,5,3,6,5,6,5
831,"F","PSYC","No","No",160,2,3,5,7,"Funan",4,5,3,4,4,3,3,4,3,3
832,"F","PSYC","Yes","No",165,3,3,3,5,"Funan",4,4,3,5,4,4,4,3,4,5
833,"F","PSYC","No","No",169,4,4,3,6,"Connexion",4,2,3,5,3,4,4,4,4,4
834,"F","PSYC","No","No",165,3,4,4,5,"Koufu",5,4,3,4,3,3,2,4,2,3
835,"M","PSYC","Yes","No",184,3,6,3,4,"Funan",4,6,3,3,5,4,3,3,3,4
836,"F","PSYC","No","No",155,4,4,3,5,"Funan",5,5,2,4,4,4,2,3,2,4
837,"F","PSYC","No","No",162,3,4,4,5,"Connexion",4,5,4,3,5,4,3,5,3,3
838,"M","PSYC","Yes","No",185,4,6,3,3,"Connexion",3,5,5,4,4,5,5,4,5,5
839,"F","PSYC","Yes","No",169,1,3,6,5,"Funan",5,7,3,4,6,3,3,2,3,5
840,"F","PSYC","Yes","Yes",163,3,5,4,4,"Connexion",2,6,4,5,4,4,4,3,4,5
841,"M","PSYC","Yes","No",179,2,4,6,4,"Connexion",4,5,5,3,5,3,3,5,3,2
842,"M","PSYC","No","No",181,2,5,6,4,"Funan",5,7,4,2,5,2,3,5,3,3
843,"F","SOCG","Yes","No",169,4,4,3,5,"Koufu",5,4,3,3,4,6,3,3,3,4
844,"F","PSYC","Yes","No",161,4,4,3,5,"Connexion",3,4,3,5,4,5,4,3,4,5
845,"M","SOCG","No","No",174,3,5,5,4,"Koufu",4,7,4,3,5,4,5,3,5,6
846,"M","PSYC","Yes","No",170,1,3,6,4,"Koufu",2,7,4,6,6,4,4,3,4,4
847,"M","PSYC","No","No",181,2,5,5,3,"Koufu",4,7,4,3,5,4,3,3,3,4
848,"F","PSYC","No","No",173,3,4,3,3,"Funan",5,3,6,3,2,6,5,6,6,3
849,"M","POSC","No","Yes",177,3,6,4,4,"Koufu",4,6,4,2,5,4,4,4,4,4
850,"M","PSYC","Yes","No",177,1,3,5,3,"Connexion",4,6,6,5,4,3,4,4,4,4
851,"M","PSYC","No","No",178,2,5,5,3,"Funan",5,7,4,3,4,4,4,5,4,3
852,"F","PSYC","No","No",159,3,3,4,5,"Funan",4,4,3,4,5,3,4,3,4,5
853,"F","POSC","Yes","No",178,4,5,2,4,"Koufu",4,3,5,4,3,6,3,5,3,2
854,"M","PSYC","No","No",183,2,5,6,3,"Koufu",3,8,4,4,6,3,3,5,3,3
855,"F","POSC","Yes","No",148,3,3,4,4,"Connexion",5,5,4,4,3,5,2,3,3,4
856,"F","POSC","Yes","Yes",156,2,4,4,4,"Connexion",5,5,5,3,3,5,4,5,5,3
857,"F","POSC","No","No",152,1,2,5,4,"Connexion",3,4,4,5,3,2,4,4,4,4
858,"F","POSC","Yes","Yes",167,2,4,4,5,"Funan",4,5,4,5,4,3,3,4,3,3
859,"M","PSYC","No","Yes",171,3,5,5,5,"Connexion",3,7,5,4,5,5,4,4,4,4
860,"M","PSYC","Yes","No",166,2,4,7,2,"Koufu",3,8,6,4,4,4,4,5,4,3
861,"F","PSYC","No","Yes",158,2,3,4,4,"Connexion",3,5,4,5,5,4,3,4,3,3
862,"M","SOCG","Yes","No",169,2,4,4,4,"Connexion",2,4,4,5,4,3,4,3,4,5
863,"F","PSYC","No","No",175,1,3,4,5,"Funan",6,5,4,4,4,3,5,4,5,5
864,"M","SOCG","Yes","No",173,1,4,7,3,"Funan",3,6,6,4,5,3,3,5,3,2
865,"M","PSYC","No","No",186,4,5,3,4,"Koufu",3,5,4,4,4,5,3,4,4,4
866,"M","PSYC","No","No",180,4,5,4,3,"Connexion",3,5,4,4,5,4,3,5,4,4
867,"F","PSYC","No","No",161,4,4,2,5,"Koufu",3,3,4,5,4,5,3,5,3,3
868,"M","SOCG","No","No",192,3,6,5,4,"Connexion",4,5,4,3,5,3,3,4,3,4
869,"F","PSYC","No","No",169,3,4,4,4,"Connexion",3,5,5,6,4,5,3,6,3,1
870,"F","SOCG","No","Yes",156,1,3,5,5,"Funan",5,3,3,3,4,3,3,3,3,4
871,"M","PSYC","No","No",177,4,5,4,5,"Connexion",3,6,3,4,5,4,1,4,1,2
872,"F","PSYC","No","No",168,2,4,4,5,"Connexion",4,5,4,4,4,3,3,4,3,3
873,"F","PSYC","No","Yes",155,3,3,5,5,"Funan",4,6,4,4,5,5,3,3,3,4
874,"F","PSYC","Yes","No",173,4,4,3,5,"Funan",3,3,4,4,4,5,3,4,4,4
875,"M","SOCG","Yes","No",172,3,5,5,4,"Connexion",3,6,3,4,5,4,4,2,4,6
876,"F","PSYC","Yes","Yes",154,3,4,3,5,"Funan",6,3,4,3,3,5,4,3,4,4
877,"M","PSYC","No","No",162,1,4,6,5,"Connexion",3,7,4,4,6,2,3,5,3,3
878,"F","SOCG","Yes","Yes",173,3,5,3,5,"Connexion",4,5,5,4,4,5,5,4,5,5
879,"F","SOCG","Yes","No",159,4,4,3,4,"Funan",4,3,4,4,4,4,4,3,4,5
880,"M","SOCG","No","No",176,2,4,6,5,"Koufu",4,8,4,3,6,3,5,4,5,6
881,"M","SOCG","No","No",173,1,4,5,4,"Koufu",4,6,4,4,5,3,3,4,3,3
882,"F","SOCG","No","No",163,4,5,3,5,"Funan",5,3,2,2,4,5,4,2,4,6
883,"M","SOCG","Yes","No",178,2,4,5,3,"Koufu",4,9,5,3,6,4,5,4,5,5
884,"F","PSYC","No","No",158,2,4,4,5,"Koufu",3,6,3,5,5,4,2,4,2,2
885,"F","SOCG","No","No",171,3,4,5,4,"Connexion",3,4,4,4,4,4,4,3,4,5
886,"M","SOCG","Yes","No",167,1,4,6,3,"Koufu",2,6,5,5,5,4,4,4,4,4
887,"F","POSC","No","No",157,4,4,3,4,"Connexion",4,6,3,4,5,5,3,3,3,4
888,"F","PSYC","No","No",159,4,4,3,5,"Connexion",4,3,4,4,4,5,2,4,2,2
889,"M","SOCG","No","No",178,1,4,6,3,"Connexion",6,8,4,2,6,2,3,6,3,2
890,"F","PSYC","Yes","No",152,3,4,3,5,"Funan",4,5,3,4,4,4,2,4,2,3
891,"M","PSYC","No","No",180,3,5,5,4,"Connexion",4,6,4,4,5,3,3,4,3,4
892,"M","POSC","Yes","No",176,3,5,4,4,"Funan",6,5,3,2,4,4,2,3,2,3
893,"F","POSC","No","No",175,2,4,5,5,"Connexion",3,5,3,5,4,2,2,4,2,3
894,"F","POSC","No","Yes",161,2,4,4,4,"Koufu",4,6,3,5,4,3,2,3,2,4
895,"M","PSYC","No","No",174,3,5,6,4,"Connexion",4,7,4,4,5,3,4,3,4,6
896,"M","SOCG","Yes","No",172,4,5,3,3,"Koufu",5,4,5,3,3,7,5,5,5,3
897,"F","PSYC","Yes","Yes",165,1,4,5,4,"Koufu",3,6,4,5,5,2,3,3,3,4
898,"F","PSYC","No","No",154,4,4,3,5,"Connexion",4,6,4,4,4,3,3,5,3,4
899,"F","PSYC","No","Yes",158,2,4,3,4,"Koufu",3,4,5,5,3,4,4,6,4,2
900,"F","PSYC","No","No",154,2,2,4,5,"Koufu",3,5,3,5,5,4,6,3,5,5
901,"F","PSYC","Yes","No",156,2,2,4,4,"Koufu",3,4,4,6,3,5,4,4,4,3
902,"F","PSYC","No","Yes",162,1,3,5,5,"Funan",4,6,4,4,5,2,3,4,3,4
903,"M","SOCG","No","No",174,2,5,5,4,"Funan",5,6,4,2,6,4,5,3,5,6
904,"F","PSYC","Yes","No",156,3,4,3,6,"Koufu",4,3,3,4,4,3,4,4,4,4
905,"M","PSYC","Yes","No",171,2,5,5,3,"Koufu",3,8,4,4,5,5,2,3,2,3
906,"F","SOCG","No","No",169,3,4,3,4,"Funan",5,4,5,4,4,4,4,4,4,4
907,"M","PSYC","No","No",168,4,5,4,2,"Connexion",3,5,7,4,3,5,6,7,6,3
908,"F","POSC","Yes","No",159,1,2,3,5,"Koufu",4,3,5,5,3,4,4,4,5,4
909,"M","SOCG","Yes","No",179,3,4,6,3,"Funan",5,8,4,3,6,4,4,4,4,4
910,"M","PSYC","No","Yes",177,3,5,4,3,"Connexion",3,6,5,4,5,5,3,5,3,2
911,"M","SOCG","No","Yes",177,4,6,5,4,"Connexion",4,6,4,3,5,4,3,4,3,4
912,"F","POSC","No","Yes",156,3,4,2,5,"Connexion",3,3,4,5,2,4,4,3,4,5
913,"F","PSYC","No","Yes",160,4,4,2,5,"Funan",4,3,2,5,3,5,3,3,3,4
914,"F","PSYC","No","No",158,5,4,3,5,"Funan",6,3,3,3,3,6,3,3,4,5
915,"F","PSYC","No","Yes",169,2,4,4,5,"Koufu",3,2,4,5,3,3,4,5,4,3
916,"M","PSYC","No","No",163,1,3,6,4,"Funan",4,7,5,4,5,3,4,6,4,2
917,"F","PSYC","No","No",166,3,4,4,5,"Koufu",3,5,4,4,4,4,3,2,3,5
918,"M","PSYC","No","No",165,3,5,4,3,"Koufu",3,5,5,3,3,5,4,6,4,2
919,"M","PSYC","Yes","No",182,2,5,6,4,"Koufu",4,6,3,3,6,4,2,4,2,2
920,"F","PSYC","Yes","No",170,4,4,3,5,"Funan",4,2,3,4,3,4,2,4,2,3
921,"M","POSC","Yes","Yes",184,4,7,5,4,"Funan",4,5,3,3,5,5,4,4,4,4
922,"F","POSC","No","Yes",160,3,4,3,5,"Koufu",3,3,3,5,4,5,3,3,3,4
923,"M","PSYC","No","No",166,2,4,4,3,"Koufu",4,6,5,4,4,3,4,5,4,4
924,"M","PSYC","Yes","Yes",184,4,7,4,2,"Funan",4,5,6,2,3,6,5,5,6,5
925,"M","POSC","No","No",183,3,6,5,3,"Connexion",3,7,3,3,5,4,3,4,3,4
926,"F","PSYC","No","Yes",158,4,4,3,5,"Funan",5,4,3,3,3,4,3,3,3,5
927,"F","POSC","No","No",158,3,3,4,6,"Koufu",3,5,3,5,4,4,3,2,3,5
928,"M","PSYC","No","Yes",178,2,5,5,4,"Funan",5,7,4,3,5,3,4,4,4,4
929,"F","SOCG","Yes","Yes",166,2,4,4,4,"Koufu",4,6,4,4,4,4,4,4,4,4
930,"F","PSYC","Yes","No",162,3,3,3,4,"Koufu",3,3,4,5,3,5,4,3,4,4
931,"F","SOCG","No","No",152,3,3,2,6,"Connexion",4,2,3,4,2,5,3,5,3,2
932,"F","PSYC","No","No",163,1,2,5,5,"Funan",5,5,2,4,4,3,3,2,3,5
933,"F","PSYC","No","No",155,3,3,3,6,"Connexion",3,4,3,5,4,4,3,3,3,4
934,"M","SOCG","No","No",179,4,5,4,4,"Koufu",4,4,4,3,4,4,4,4,4,5
935,"M","PSYC","No","Yes",183,1,5,5,4,"Koufu",4,7,4,3,5,4,3,3,3,4
936,"M","POSC","Yes","Yes",163,4,5,4,3,"Funan",5,6,3,3,3,5,3,4,4,4
937,"F","PSYC","No","No",167,3,3,4,5,"Koufu",3,4,3,4,4,3,4,4,4,5
938,"M","SOCG","No","No",181,2,5,6,4,"Connexion",3,8,3,4,6,2,4,5,4,4
939,"M","PSYC","No","No",173,1,4,7,4,"Funan",4,7,5,4,4,2,4,4,4,4
940,"F","POSC","No","No",160,2,2,4,5,"Koufu",2,4,3,7,3,3,2,5,2,2
941,"M","PSYC","No","No",169,3,5,5,3,"Connexion",4,6,4,4,4,4,4,5,4,4
942,"M","PSYC","Yes","No",169,3,5,4,4,"Funan",5,6,5,3,4,4,3,4,3,3
943,"F","PSYC","No","Yes",169,2,4,4,4,"Funan",5,5,5,3,5,4,4,4,4,4
944,"M","SOCG","Yes","No",174,1,4,5,4,"Connexion",2,7,4,4,5,3,4,5,4,3
945,"M","PSYC","No","Yes",185,2,5,5,4,"Funan",5,7,4,3,6,4,4,5,4,3
946,"F","PSYC","Yes","Yes",158,2,4,4,5,"Koufu",3,4,5,5,3,3,5,4,5,5
947,"F","POSC","No","No",161,4,4,3,5,"Koufu",3,4,2,5,4,5,5,4,5,5
948,"M","SOCG","Yes","No",168,4,4,5,3,"Connexion",4,7,4,4,4,4,4,3,4,6
949,"F","SOCG","No","Yes",155,3,4,3,6,"Connexion",4,3,2,4,4,4,3,3,3,4
950,"F","PSYC","Yes","Yes",166,3,4,4,4,"Connexion",3,5,3,5,5,4,3,3,3,4
951,"M","PSYC","Yes","No",187,1,4,7,4,"Funan",5,9,3,3,6,2,4,3,4,5
952,"M","PSYC","Yes","No",188,5,6,3,4,"Connexion",4,5,4,3,4,4,4,5,4,4
953,"M","PSYC","No","Yes",176,2,5,5,4,"Koufu",4,4,4,3,4,4,3,5,3,2
954,"F","SOCG","No","No",154,3,4,3,4,"Funan",4,5,3,4,4,5,4,2,4,6
955,"M","PSYC","No","No",179,3,5,5,3,"Connexion",3,5,4,4,4,4,3,5,4,3
956,"F","SOCG","No","Yes",155,4,5,3,5,"Connexion",4,3,2,4,4,4,2,2,2,5
957,"M","SOCG","No","Yes",171,3,5,5,2,"Connexion",4,7,5,3,5,5,4,5,4,3
958,"F","POSC","No","No",156,3,3,3,6,"Funan",5,4,3,4,5,5,3,4,3,3
959,"M","PSYC","No","No",172,1,4,5,3,"Connexion",3,6,5,4,4,4,4,6,4,2
960,"M","POSC","Yes","No",173,5,5,3,4,"Koufu",4,4,3,3,4,6,3,3,3,4
961,"M","SOCG","No","No",174,1,4,5,4,"Funan",5,7,4,3,5,2,3,4,3,4
962,"M","PSYC","No","No",170,3,5,4,4,"Connexion",3,6,4,4,4,4,3,4,3,4
963,"M","POSC","No","No",174,2,4,5,4,"Connexion",3,5,5,5,4,5,4,5,4,3
964,"M","PSYC","Yes","Yes",175,2,5,6,3,"Funan",5,7,5,3,5,3,3,3,3,4
965,"M","SOCG","Yes","Yes",182,4,6,4,3,"Connexion",4,6,5,3,4,5,4,5,5,4
966,"M","PSYC","No","No",169,1,4,6,4,"Funan",4,6,4,3,6,3,3,4,3,3
967,"F","PSYC","No","No",161,2,3,3,4,"Koufu",2,3,5,6,3,4,5,6,5,3
968,"F","PSYC","No","Yes",172,2,3,4,5,"Funan",5,7,4,4,5,4,3,3,3,4
969,"F","PSYC","Yes","No",152,2,2,4,5,"Koufu",3,2,3,6,4,4,4,4,4,4
970,"M","SOCG","No","Yes",177,4,6,4,2,"Funan",6,5,6,1,3,6,4,5,5,4
971,"M","SOCG","Yes","Yes",179,1,6,6,2,"Connexion",3,10,6,3,5,3,5,6,5,3
972,"M","POSC","No","No",173,3,4,5,3,"Funan",5,8,4,3,5,3,4,5,4,4
973,"F","SOCG","No","No",168,4,4,3,5,"Koufu",4,2,3,4,3,4,5,4,4,4
974,"F","SOCG","No","Yes",161,5,5,2,5,"Koufu",3,1,4,4,3,6,4,3,4,5
975,"M","PSYC","No","No",181,2,5,5,3,"Connexion",3,6,4,4,5,4,2,4,2,2
976,"F","PSYC","No","No",169,2,3,4,4,"Funan",6,6,4,2,4,4,3,5,3,2
977,"F","PSYC","No","No",161,2,3,3,5,"Koufu",3,4,3,6,3,3,3,4,3,3
978,"M","POSC","Yes","No",183,2,5,6,1,"Connexion",3,7,6,4,4,4,4,4,5,5
979,"F","PSYC","Yes","No",164,2,3,4,5,"Koufu",4,3,3,5,3,4,4,2,4,5
980,"M","PSYC","Yes","Yes",170,1,5,5,4,"Funan",5,7,5,3,4,4,5,4,5,5
981,"M","PSYC","Yes","No",179,2,4,6,4,"Funan",6,7,3,3,5,3,4,3,4,5
982,"M","POSC","No","No",170,2,4,5,3,"Funan",4,6,4,4,5,3,5,4,5,5
983,"M","POSC","No","No",176,3,5,4,4,"Funan",5,5,4,3,4,4,4,4,4,4
984,"M","SOCG","No","No",176,1,4,6,3,"Koufu",3,7,4,4,6,3,4,4,4,4
985,"F","POSC","No","No",158,3,3,5,4,"Koufu",3,5,5,5,4,4,4,4,4,4
986,"F","SOCG","Yes","No",160,3,4,3,4,"Connexion",5,4,4,3,4,4,3,3,3,4
987,"F","PSYC","Yes","Yes",170,3,5,3,5,"Funan",6,3,4,3,4,6,3,2,4,5
988,"F","SOCG","Yes","No",161,3,4,3,5,"Koufu",3,5,3,4,3,5,4,4,4,4
989,"M","PSYC","No","No",181,2,5,4,3,"Connexion",4,6,5,3,5,4,4,5,4,3
990,"F","POSC","Yes","No",156,4,4,4,4,"Koufu",5,4,4,3,4,4,4,3,4,5
991,"M","POSC","No","No",178,1,4,6,4,"Koufu",3,8,5,4,6,3,5,5,5,4
992,"M","SOCG","Yes","No",182,2,5,4,3,"Koufu",3,4,6,4,4,4,5,6,6,4
993,"F","PSYC","No","No",170,3,4,3,5,"Funan",3,3,4,5,3,4,3,4,3,3
994,"M","SOCG","No","No",170,2,5,5,5,"Connexion",4,8,4,4,6,2,4,4,4,5
995,"M","PSYC","No","No",177,3,5,4,4,"Koufu",3,4,4,4,4,4,3,5,3,3
996,"M","PSYC","No","No",180,3,5,5,4,"Koufu",3,6,4,4,5,3,4,4,4,5
997,"M","PSYC","Yes","Yes",179,1,5,6,4,"Connexion",3,6,4,4,5,2,2,3,2,4
998,"M","PSYC","No","No",175,3,5,5,5,"Koufu",3,6,4,4,6,6,2,5,2,1
999,"F","SOCG","No","No",173,3,4,3,5,"Funan",5,4,4,2,5,4,3,4,3,3
1000,"M","POSC","No","No",169,2,5,5,4,"Funan",5,8,4,3,5,4,4,4,4,4
