Publication Year,Author,Title,Publication Title/Source,ISBN,ISSN,DOI,Duplicate_R,Access_R,Valid_R,DataCheck_R,Duplicate_M,Access_M,Valid_M ,DataCheck_M,Duplicate_E,Access_E,Valid_E,DataCheck_E,Duplicate_A,Access_A,Valid_A,DataCheck_A,Duplicate_N,Access_N,Valid_N,DataCheck_N,Duplicate_Z,Access_Z,Valid_Z,DataCheck_Z
2014,"Hall, Kelli Stidham; Kusunoki, Yasamin; Gatny, Heather; Barber, Jennifer",The risk of unintended pregnancy among young women with mental health symptoms.,Social science & medicine (1982),,1873-5347 0277-9536,10.1016/j.socscimed.2013.10.037,N,Y,Y,N,N,Y,Y,N,N,Y,Y,N,N,Y,Y,N,N,Y,Y,N,N,Y,Y,N
2022,"Li, Shuyu; Sun, Hengxi; Li, Jianghan; Zhao, Yujiao; Wang, Ruiying; Xu, Lei; Duan, Chongyi; Li, Jialin; Wang, Zhuo; Liu, Qinmeng; Wang, Yao; Ouyang, Songying; Shen, Xihui; Zhang, Lei",Autoinducer-2 and bile salts induce c-di-GMP synthesis to repress the T3SS via a T3SS chaperone.,Nature communications,,2041-1723,10.1038/s41467-022-34607-9,N,Y,Y,Y,N,Y,Y,Y,N ,Y,Y,UPON REQUEST ,N,Y,Y,Y,N,Y,Y,Y,N,Y,Y,Y
2023,"Shin, Yungil; Kim, Harin; Lee, Taeyeop; Kim, Seonok; Lee, Sae Byul; Kim, Jisun; Chung, Il Yong; Ko, Beom Seok; Lee, Jong Won; Son, Byung Ho; Ahn, Sei Hyun; Kim, Hyo-Won; Kim, Hee Jeong",Factors in Parenting Stress in Young Patients With Breast Cancer and Implications for Children's Emotional Development: The PSYCHE Study.,JAMA network open,,2574-3805,10.1001/jamanetworkopen.2023.44835,N,Y,Y,N,N,Y,Y,N,N ,Y,Y,N,N,Y,Y,N,N,Y,Y,N,N,Y,Y,Y
2024,"Hinze, Verena; Montero-Marin, Jesus; Blakemore, Sarah-Jayne; Byford, Sarah; Dalgleish, Tim; Degli Esposti, Michelle; Greenberg, Mark T.; Jones, Benjamin G.; Slaghekke, Yasmijn; Ukoumunne, Obioha C.; Viner, Russell M.; Williams, J. Mark G.; Ford, Tamsin J.; Kuyken, Willem",Student- and School-Level Factors Associated With Mental Health and Well-Being in Early Adolescence.,Journal of the American Academy of Child and Adolescent Psychiatry,,1527-5418 0890-8567,10.1016/j.jaac.2023.10.004,N,Y,Y,UPON REQUEST,N,Y,Y,UPON REQUEST,N,Y,Y,N,N,Y,Y,UPON REQUEST,N,Y,Y,UPON REQUEST,N,Y,Y,UPON REQUEST
2023,"Hussain, Mariam A.; Watson, C. Wei-Ming; Morgan, Erin E.; Heaton, Robert K.; Letendre, Scott L.; Jeste, Dilip V.; Moore, David J.; Iudicello, Jennifer E.",Combined effects of loneliness and inflammation on depression in people with HIV.,Journal of neurovirology,,1538-2443 1355-0284,10.1007/s13365-023-01145-z,N,Y,Y,UPON REQUEST,N,Y,Y,UPON REQUEST,N ,Y,Y,UPON REQUEST ,N,Y,Y,UPON REQUEST,N,Y,Y,UPON REQUEST,N,Y,Y,N
2023,"Islam, Rakibul M.; Bell, Robin J.; Berk, Michael; Handelsman, David J.; McNeil, John J.; Wolfe, Rory; Woods, Robyn L.; Davis, Susan R.",Associations between low sex hormone concentrations and depression in older women: An observational study.,Maturitas,,1873-4111 0378-5122,10.1016/j.maturitas.2023.107822,N,N,Y,UPON REQUEST,N,Y,Y,N,N ,Y,Y,N,N,Y,Y,UPON REQUEST,N,Y,Y,N,N,Y,Y,UPON REQUEST
2021,"Combs, Daniel; Hsu, Chiu-Hsieh; Bailey, Omavi; Patel, Salma I.; Mashaqi, Saif; Estep, Lauren; Provencio-Dean, Natalie; Lopez, Silvia; Parthasarathy, Sairam",Differences in sleep timing and related effects between African Americans and non-Hispanic Whites.,Journal of clinical sleep medicine : JCSM : official publication of the American Academy of Sleep Medicine,,1550-9397 1550-9389,10.5664/jcsm.9060,N,Y,Y,N,N,Y,Y,N,N,Y,Y,UPON REQUEST ,N,Y,Y,N,N,Y,Y,N,N,Y,Y,Y
2015,"Hall, Wendy A.; Hutton, Eileen; Brant, Rollin F.; Collet, Jean Paul; Gregg, Kathy; Saunders, Roy; Ipsiroglu, Osman; Gafni, Amiram; Triolet, Kathy; Tse, Lillian; Bhagat, Radhika; Wooldridge, Joanne",A randomized controlled trial of an intervention for infants' behavioral sleep problems.,BMC pediatrics,,1471-2431,10.1186/s12887-015-0492-7,N,Y,Y,N,N,Y,Y,N,N ,Y,Y,N,N,Y,Y,N,N,Y,Y,N,N,Y,Y,Y
2014,"Lopes, Antonio Alberto; Lantz, Brett; Morgenstern, Hal; Wang, Mia; Bieber, Brian A.; Gillespie, Brenda W.; Li, Yun; Painter, Patricia; Jacobson, Stefan H.; Rayner, Hugh C.; Mapes, Donna L.; Vanholder, Raymond C.; Hasegawa, Takeshi; Robinson, Bruce M.; Pisoni, Ronald L.","Associations of self-reported physical activity types and levels with quality of life, depression symptoms, and mortality in hemodialysis patients: the DOPPS.",Clinical journal of the American Society of Nephrology : CJASN,,1555-905X 1555-9041,10.2215/CJN.12371213,N,Y,Y,N,N,Y,Y,N,N ,Y,Y,N,N,Y,Y,N,N,Y,Y,N,N,Y,Y,Y
2014,"Choi, JiYeon; Hoffman, Leslie A.; Schulz, Richard; Tate, Judith A.; Donahoe, Michael P.; Ren, Dianxu; Given, Barbara A.; Sherwood, Paula R.",Self-reported physical symptoms in intensive care unit (ICU) survivors: pilot exploration over four months post-ICU discharge.,Journal of pain and symptom management,,1873-6513 0885-3924,10.1016/j.jpainsymman.2013.03.019,N,Y,Y,N,N,Y,Y,N,N,Y,Y,N,N,Y,Y,N,N,Y,Y,N,N,Y,Y,Y
2008,"Laumann, Edward O.; Kang, Jeong-han; Glasser, Dale B.; Rosen, Raymond C.; Carson, Culley C.","Lower urinary tract symptoms are associated with depressive symptoms in white, black and Hispanic men in the United States.",The Journal of urology,,1527-3792 0022-5347,10.1016/j.juro.2008.03.055,N,Y,Y,N,N,Y,Y,N,N ,Y,Y,N,N,Y,Y,N,N,Y,Y,N,N,Y,Y,Y
2005,"Minkovitz, Cynthia S.; Strobino, Donna; Scharfstein, Dan; Hou, William; Miller, Tess; Mistry, Kamila B.; Swartz, Karen",Maternal depressive symptoms and children's receipt of health care in the first 3 years of life.,Pediatrics,,1098-4275 0031-4005,10.1542/peds.2004-0341,N,Y,Y,N,N,Y,Y,N,N ,Y,Y,N,N,Y,Y,N,N,Y,Y,Y,N,Y,Y,Y
2024,"Al-Saadi, Laila S.; Chan, Moon Fai; Al Sabahi, Amal; Alkendi, Jalila; Al-Mashaikhi, Nawal; Sumri, Hana Al; Al-Fahdi, Amal; Al-Azri, Mohammed","Prevalence of anxiety, depression, and post-traumatic stress disorder among Omani children and adolescents diagnosed with cancer: a prospective cross-sectional  study.",BMC cancer,,1471-2407,10.1186/s12885-024-12272-z,N,Y,Y,UPON REQUEST,N,Y,Y,UPON REQUEST,N,Y,Y,UPON REQUEST ,N,Y,Y,UPON REQUEST,N,Y,Y,UPON REQUEST,N,Y,Y,UPON REQUEST
2024,"Lee, Seulki; Yuh, Chisung; Shin, Yu-Bin; Lee, Heon-Jeong; Lee, Young-Mee; Lee, Jungsil; Cho, Chul-Hyun","Effects of a Rice-Farming Simulation Video Game on Nature Relatedness, Nutritional Status, and Psychological State in Urban-Dwelling Adults During the  COVID-19 Pandemic: Randomized Waitlist Controlled Trial.",Journal of medical Internet research,,1438-8871 1439-4456,10.2196/51596,N,Y,Y,UPON REQUEST,N,Y,Y,UPON REQUEST,N ,Y,Y,UPON REQUEST ,N,Y,Y,UPON REQUEST,N,Y,Y,UPON REQUEST,N,Y,Y,UPON REQUEST
2023,"Bikbov, Mukharram M.; Gilmanshin, Timur R.; Kazakbaeva, Gyulli M.; Iakupova, Ellina M.; Panda-Jonas, Songhomitra; Zainullin, Rinat M.; Fakhretdinova, Albina A.; Tuliakova, Azaliia M.; Gilemzianova, Leisan I.; Khakimov, Dinar A.; Miniazeva, Liana A.; Jonas, Jost B.","Prevalence of depression, anxiety and suicidal ideas and associated factors, in particular sensory impairments, in a population of Bashkortostan in Russia.",Scientific reports,,2045-2322,10.1038/s41598-023-44561-1,N,Y,Y,UPON REQUEST,N,Y,Y,UPON REQUEST,N ,Y,Y,UPON REQUEST ,N,Y,Y,UPON REQUEST,N,Y,Y,UPON REQUEST,N,Y,Y,UPON REQUEST
2023,"Aung, Max T.; Eick, Stephanie M.; Padula, Amy M.; Smith, Sabrina; Park, June-Soo; DeMicco, Erin; Woodruff, Tracey J.; Morello-Frosch, Rachel",Maternal per- and poly-fluoroalkyl substances exposures associated with higher depressive symptom scores among immigrant women in the Chemicals in Our Bodies  cohort in San Francisco.,Environment international,,1873-6750 0160-4120,10.1016/j.envint.2023.107758,N,Y,Y,UPON REQUEST,N,Y,Y,UPON REQUEST,N,Y,Y,UPON REQUEST ,N,Y,Y,UPON REQUEST,N,Y,Y,UPON REQUEST,N,Y,Y,UPON REQUEST
2022,"Khattar, Jayati; Griffith, Lauren E.; Jones, Aaron; De Rubeis, Vanessa; de Groh, Margaret; Jiang, Ying; Basta, Nicole E.; Kirkland, Susan; Wolfson, Christina; Raina, Parminder; Anderson, Laura N.","Symptoms of depression and anxiety, and unmet healthcare needs in adults during the COVID-19 pandemic: a cross-sectional study from the Canadian Longitudinal  Study on Aging.",BMC public health,,1471-2458,10.1186/s12889-022-14633-4,N,Y,Y,UPON REQUEST,N,Y,Y,Y,N ,Y,Y,UPON REQUEST ,N,Y,Y,Y,N,Y,Y,UPON REQUEST,N,Y,Y,UPON REQUEST
2022,"Marcos-Pardo, Pablo Jorge; Abelleira-Lamela, Tomás; Vaquero-Cristobal, Raquel; González-Gálvez, Noelia","Changes in life satisfaction, depression, general health and sleep quality of Spanish older women during COVID-19 lockdown and their relationship with  lifestyle: an observational follow-up study.",BMJ open,,2044-6055,10.1136/bmjopen-2022-061993,N,Y,Y,N,N,Y,Y,N,N ,Y,Y,N,N,Y,Y,N,N,Y,Y,N,N,Y,Y,N
2021,"Hunt, Joshua C.; Herrera-Hernandez, Erick; Brandolino, Amber; Jazinski-Chambers, Kelley; Maher, Kathryn; Jackson, Brianna; Smith, Randi N.; Lape, Diane; Cook, Mackenzie; Bergner, Carisa; Schramm, Andrew T.; Brasel, Karen J.; de Moya, Marc A.; deRoon-Cassini, Terri A.",Validation of the Injured Trauma Survivor Screen: An American Association for the Surgery of Trauma multi-institutional trial.,The journal of trauma and acute care surgery,,2163-0763 2163-0755,10.1097/TA.0000000000003079,N,Y,Y,N,N,Y,Y,N,N,Y,Y,N,N,Y,Y,N,N,Y,Y,N,N,Y,Y,Y
2020,"Adams, Elizabeth J.; Asad, Sarah; Reinbolt, Raquel; Collier, Katharine A.; Abdel-Rasoul, Mahmoud; Gillespie, Susan; Chen, James L.; Cherian, Mathew A.; Noonan, Anne M.; Sardesai, Sagar; VanDeusen, Jeffrey; Wesolowski, Robert; Williams, Nicole; Shapiro, Charles L.; Macrae, Erin R.; Pilarski, Robert; Toland, Amanda E.; Senter, Leigha; Ramaswamy, Bhuvaneswari; Lee, Clara N.; Lustberg, Maryam B.; Stover, Daniel G.",Metastatic breast cancer patient perceptions of somatic tumor genomic testing.,BMC cancer,,1471-2407,10.1186/s12885-020-06905-2,N,Y,Y,N,N,Y,Y,Y,N ,Y,Y,N,N,Y,Y,N,N,Y,Y,Y,N,Y,Y,Y
2017,"Veronese, Nicola; Stubbs, Brendon; Solmi, Marco; Smith, Toby O.; Noale, Marianna; Cooper, Cyrus; Maggi, Stefania",Association between lower limb osteoarthritis and incidence of depressive symptoms: data from the osteoarthritis initiative.,Age and ageing,,1468-2834 0002-0729,10.1093/ageing/afw216,N,Y,Y,Y,N,Y,Y,N,N ,Y,Y,N,N,Y,Y,Y,N,Y,Y,N,N,Y,Y,Y
2017,"Akkurt, Halil; Karapolat, Hale U.; Kirazli, Yesim; Kose, Timur",The effects of upper extremity aerobic exercise in patients with spinal cord injury: a randomized controlled study.,European journal of physical and rehabilitation medicine,,1973-9095 1973-9087,10.23736/S1973-9087.16.03804-1,N,Y,Y,N,N,Y,Y,N,N,Y,Y,N,N,Y,Y,N,N,Y,Y,N,N,Y,Y,Y
2016,"Tao, Huihui; Shao, Ting; Ni, Lingling; Sun, Yanli; Yan, Shuangqin; Gu, Chunli; Cao, Hui; Huang, Kun; Tao, Fangbiao; Tong, Shilu",[The relationship between maternal emotional symptoms during pregnancy and emotional and behavioral problems in preschool children: a birth cohort study].,Zhonghua yu fang yi xue za zhi [Chinese journal of preventive medicine],,0253-9624,10.3760/cma.j.issn.0253-9624.2016.02.006,N,Y,Y,N,,,,,N ,N,Y,N,N,Y,Y,,N,Y,Y,N,N,Y,Y,N
2015,"Singla, Daisy R.; Kumbakumba, Elias; Aboud, Frances E.","Effects of a parenting intervention to address maternal psychological wellbeing and child development and growth in rural Uganda: a community-based, cluster  randomised trial.",The Lancet. Global health,,2214-109X,10.1016/S2214-109X(15)00099-6,N,Y,Y,N,N,Y,Y,N,N,Y,Y,N,N,Y,Y,N,N,Y,Y,N,N,Y,Y,Y
2015,"Gilsanz, Paola; Walter, Stefan; Tchetgen Tchetgen, Eric J.; Patton, Kristen K.; Moon, J. Robin; Capistrant, Benjamin D.; Marden, Jessica R.; Kubzansky, Laura D.; Kawachi, Ichiro; Glymour, M. Maria",Changes in Depressive Symptoms and Incidence of First Stroke Among Middle-Aged and Older US Adults.,Journal of the American Heart Association,,2047-9980,10.1161/JAHA.115.001923,N,Y,Y,N,N,Y,Y,N,N,Y,Y,N,N,Y,Y,N,N,Y,Y,Y,N,Y,Y,Y
2015,"McGuire, Jennifer L.; Kempen, John H.; Localio, Russell; Ellenberg, Jonas H.; Douglas, Steven D.",Immune markers predictive of neuropsychiatric symptoms in HIV-infected youth.,Clinical and vaccine immunology : CVI,,1556-679X 1556-6811,10.1128/CVI.00463-14,N,Y,Y,N,N,Y,Y,N,N,Y,Y,N,N,Y,Y,N,N,Y,Y,N,N,Y,Y,Y
2013,"Weiner, Debra K.; Moore, Charity G.; Morone, Natalia E.; Lee, Edward S.; Kent Kwoh, C.","Efficacy of periosteal stimulation for chronic pain associated with advanced knee osteoarthritis: a randomized, controlled clinical trial.",Clinical therapeutics,,1879-114X 0149-2918,10.1016/j.clinthera.2013.09.025,N,Y,Y,N,N,Y,Y,N,N,Y,Y,N,N,Y,Y,N,N,Y,Y,N,N,Y,Y,Y
2012,"White, Daniel K.; Keysor, Julie J.; Neogi, Tuhina; Felson, David T.; LaValley, Michael; Gross, K. Doug; Niu, Jingbo; Nevitt, Michael; Lewis, Cora E.; Torner, Jim; Fredman, Lisa","When it hurts, a positive attitude may help: association of positive affect with daily walking in knee osteoarthritis. Results from a multicenter longitudinal  cohort study.",Arthritis care & research,,2151-4658 2151-464X,10.1002/acr.21694,N,Y,Y,N,N,Y,Y,N,N,Y,Y,N,N,Y,Y,N,N,Y,Y,N,N,Y,Y,Y
2010,"Van Pelt, David C.; Schulz, Richard; Chelluri, Lakshmipathi; Pinsky, Michael R.","Patient-specific, time-varying predictors of post-ICU informal caregiver burden: the caregiver outcomes after ICU discharge project.",Chest,,1931-3543 0012-3692,10.1378/chest.09-0795,N,Y,Y,N,N,Y,Y,N,N,Y,Y,N,N,Y,Y,N,N,Y,Y,N,N,Y,Y,Y
2023,"Sloane, Kelly L.; Kasner, Scott E.; Favilla, Christopher G.; Rothstein, Aaron; Witsch, Jens; Hamilton, Roy H.; Schneider, Andrea L. C.",Always Look on the Bright Side: Associations of Optimism With Functional Outcomes After Stroke.,Journal of the American Heart Association,,2047-9980,10.1161/JAHA.122.027959,N,Y,Y,Y,N,Y,Y,N,N,Y,Y,Y,N,Y,Y,Y,N,Y,Y,Y,N,Y,Y,Y
2022,"Khodneva, Yulia; Goyal, Parag; Levitan, Emily B.; Jackson, Elizabeth A.; Oparil, Suzanne; Sterling, Madeline R.; Cherrington, Andrea L.; Durant, Raegan; Safford, Monika M.",Depressive Symptoms and Incident Hospitalization for Heart Failure: Findings From the REGARDS Study.,Journal of the American Heart Association,,2047-9980,10.1161/JAHA.121.022818,N,Y,Y,UPON REQUEST,N,Y,Y,N,N,Y,Y,UPON REQUEST ,N,Y,Y,UPON REQUEST,N,Y,Y,UPON REQUEST,N,Y,Y,UPON REQUEST
2022,"Ng, Siu-Man; Yin, Margaret X. C.; Chan, Jessie S. M.; Chan, Celia H. Y.; Fong, Ted C. T.; Li, Ang; So, Kwok-Fai; Yuen, Lai-Ping; Chen, Jian-Ping; Chung, Ka-Fai; Chan, Cecilia L. W.",Impact of mind-body intervention on proinflammatory cytokines interleukin 6 and 1?: A three-arm randomized controlled trial for persons with sleep disturbance  and depression.,"Brain, behavior, and immunity",,1090-2139 0889-1591,10.1016/j.bbi.2021.09.022,N,Y,Y,N,N,Y,Y,N,N,Y,Y,Y,N,Y,Y,N,N,Y,Y,N,N,Y,Y,N
2020,"Recchia, Daisy; Baghdadli, Amaria; Lassale, Camille; Brunner, Eric; Verdier, Jean-Michel; Kivimäki, Mika; Akbaraly, Tasnime",Associations between long-term adherence to healthy diet and recurrent depressive symptoms in Whitehall II Study.,European journal of nutrition,,1436-6215 1436-6207,10.1007/s00394-019-01964-z,N,Y,Y,N,N,Y,Y,N,N,Y,Y,N,N,Y,Y,N,N,Y,Y,N,N,Y,Y,Y
2017,"Schnelle, Christoph; Minford, Eunice J.; McHardy, Vanessa; Keep, Jane",A Group of 500 Women Whose Health May Depart Notably From the Norm: Protocol for a Cross-Sectional Survey.,JMIR research protocols,,1929-0748,10.2196/resprot.7993,N,Y,Y,N,N,Y,Y,Y,N,Y,Y,UPON REQUEST ,N,Y,Y,Y,N,Y,Y,Y,N,Y,Y,Y
2016,"Brown, Patrick J.; Roose, Steven P.; Zhang, Jun; Wall, Melanie; Rutherford, Bret R.; Ayonayon, Hilsa N.; Butters, Meryl A.; Harris, Tamara; Newman, Anne B.; Satterfield, Suzanne; Simonsick, Eleanor M.; Yaffe, Kristine","Inflammation, Depression, and Slow Gait: A High Mortality Phenotype in Later Life.","The journals of gerontology. Series A, Biological sciences and medical sciences",,1758-535X 1079-5006,10.1093/gerona/glv156,N,Y,Y,UPON REQUEST,N,Y,Y,N,N,Y,Y,N,N,Y,Y,N,N,Y,Y,N,N,Y,Y,N
2015,"Lin, Chun-Wei; Chen, Yih-Yuan; Chen, Yi-Jen; Liang, Chi-Yen; Lin, Ming-Shian; Chen, Wei","Prevalence, risk factors, and health-related quality of life of osteoporosis in patients with COPD at a community hospital in Taiwan.",International journal of chronic obstructive pulmonary disease,,1178-2005 1176-9106,10.2147/COPD.S85432,N,Y,Y,N,N,Y,Y,N,N,Y,Y,N,N,Y,Y,N,N,Y,Y,N,N,Y,Y,N
2015,"Pettigrew, Simone; Jongenelis, Michelle; Newton, Robert U.; Warburton, Jeni; Jackson, Ben",Research protocol for a randomized controlled trial of the health effects of volunteering for seniors.,Health and quality of life outcomes,,1477-7525,10.1186/s12955-015-0263-z,N,Y,Y,N,N,Y,Y,N,N,Y,Y,N,N,Y,Y,N,N,Y,Y,N,N,Y,Y,N
2014,"Kapadia, S. G.; Wei, C.; Bartlett, S. J.; Lang, J.; Wise, R. A.; Dixon, A. E.",Obesity and symptoms of depression contribute independently to the poor asthma control of obesity.,Respiratory medicine,,1532-3064 0954-6111,10.1016/j.rmed.2014.05.012,N,Y,Y,N,N,Y,Y,N,N,Y,Y,N,N,Y,Y,N,N,Y,Y,N,N,Y,Y,N
2014,"Davila, E. P.; Kolodziejczyk, J. K.; Norman, G. J.; Calfas, K.; Huang, J. S.; Rock, C. L.; Griswold, W.; Fowler, J. H.; Marshall, S. J.; Gupta, A.; Patrick, K.","Relationships between depression, gender, and unhealthy weight loss practices among overweight or obese college students.",Eating behaviors,,1873-7358 1471-0153,10.1016/j.eatbeh.2014.03.010,N,Y,Y,N,N,Y,Y,N,N,Y,Y,N,N,Y,Y,N,N,Y,Y,N,N,Y,Y,N
2012,"Maki, Pauline M.; Rubin, Leah H.; Cohen, Mardge; Golub, Elizabeth T.; Greenblatt, Ruth M.; Young, Mary; Schwartz, Rebecca M.; Anastos, Kathryn; Cook, Judith A.",Depressive symptoms are increased in the early perimenopausal stage in ethnically diverse human immunodeficiency virus-infected and human immunodeficiency  virus-uninfected women.,"Menopause (New York, N.Y.)",,1530-0374 1072-3714,10.1097/gme.0b013e318255434d,N,Y,Y,UPON REQUEST,N,Y,Y,N,N,Y,Y,N,N,Y,Y,N,N,Y,Y,N,N,Y,Y,N
2005,"Santoro, Nanette; Torrens, Javier; Crawford, Sybil; Allsworth, Jenifer E.; Finkelstein, Joel S.; Gold, Ellen B.; Korenman, Stan; Lasley, William L.; Luborsky, Judith L.; McConnell, Dan; Sowers, Mary Fran; Weiss, Gerson",Correlates of circulating androgens in mid-life women: the study of women's health across the nation.,The Journal of clinical endocrinology and metabolism,,0021-972X,10.1210/jc.2004-2063,N,Y,Y,N,N,Y,Y,N,N,Y,Y,N,N,Y,Y,N,N,Y,Y,N,N,Y,Y,N
2017,"Goins, R. Turner; Noonan, Carolyn; Gonzales, Kelly; Winchester, Blythe; Bradley, Vickie L.",Association of depressive symptomology and psychological trauma with diabetes control among older American Indian women: Does social support matter?,Journal of diabetes and its complications,,1873-460X 1056-8727,10.1016/j.jdiacomp.2017.01.004,N,Y,Y,N,N,Y,Y,N,N,Y,Y,N,N,Y,Y,N,N,Y,Y,N,N,Y,Y,N
2024,"Sanchez, Natalia; Chen, Michele; Ho, Sally; Spinner, Holly; Vagadori, Jack; Neiser, Abigail; Padilla, Kimberly; Bristol, Madison; Winfield, Elijah; Thorstad, Isabel; Gulley, Lauren D.; Lucas-Thompson, Rachel G.; Pyle, Laura; Thompson, Talia; Estrada, Doris E.; Basch, Molly; Tanofsky-Kraff, Marian; Kelsey, Megan M.; Mackey, Eleanor R.; Shomaker, Lauren B.","Mindfulness-based intervention for depression and insulin resistance in adolescents: Protocol for BREATHE, a multisite, pilot and feasibility randomized  controlled trial.",Contemporary clinical trials,,1559-2030 1551-7144,10.1016/j.cct.2024.107522,N,Y,Y,N,N,Y,Y,N,N,Y,Y,N,N,Y,Y,N,N,Y,Y,N,N,Y,Y,N
2024,"Imamura, Takashi; Sudo, Takeshi; Orihashi, Yasushi; Takahashi, Yuki; Onishi, Yuichi; Onizuka, Makoto; Mikami, Katsunaka; Ueda, Yasunori; Yamamoto, Kenji",Psychosocial factors predicting symptoms of depression and anxiety in allogeneic hematopoietic stem cell transplant recipients in Japan.,International journal of psychiatry in medicine,,1541-3527 0091-2174,10.1177/00912174231191672,N,Y,Y,N,N,Y,Y,N,N,Y,Y,N,N,Y,Y,N,N,Y,Y,N,N,Y,Y,N
2022,"Chen, Feng; Zheng, Meng; Xu, Jiaqi; Hall, Brian J.; Pan, Yan; Ling, Li; Chen, Wen",Impact of migration status on incidence of depression in the middle-aged and elderly population in China: Exploring healthy migrant and salmon bias hypotheses  from a mental health perspective.,Journal of affective disorders,,1573-2517 0165-0327,10.1016/j.jad.2022.07.048,N,Y,Y,N,N,Y,Y,N,N,Y,Y,N,N,Y,Y,N,N,Y,Y,UPON REQUEST,N,Y,Y,UPON REQUEST
2021,"Dietrich, Janan J.; Otwombe, Kennedy; Pakhomova, Tatiana E.; Horvath, Keith J.; Hornschuh, Stefanie; Hlongwane, Khuthadzo; Closson, Kalysha; Mulaudzi, Mamakiri; Smith, Patricia; Beksinska, Mags; Gray, Glenda E.; Brockman, Mark; Smit, Jenni; Kaida, Angela","High cellphone use associated with greater risk of depression among young women aged 15-24 years in Soweto and Durban, South Africa.",Global health action,,1654-9880 1654-9716,10.1080/16549716.2021.1936792,N,Y,Y,N,N,Y,Y,N,N,Y,Y,N,N,Y,Y,N,N,Y,Y,N,N,Y,Y,N
2021,"Minschart, Caro; De Weerdt, Kyara; Elegeert, Astrid; Van Crombrugge, Paul; Moyson, Carolien; Verhaeghe, Johan; Vandeginste, Sofie; Verlaenen, Hilde; Vercammen, Chris; Maes, Toon; Dufraimont, Els; De Block, Christophe; Jacquemyn, Yves; Mekahli, Farah; De Clippel, Katrien; Van Den Bruel, Annick; Loccufier, Anne; Laenen, Annouschka; Devlieger, Roland; Mathieu, Chantal; Benhalima, Katrien","Antenatal Depression and Risk of Gestational Diabetes, Adverse Pregnancy Outcomes, and Postpartum Quality of Life.",The Journal of clinical endocrinology and metabolism,,1945-7197 0021-972X,10.1210/clinem/dgab156,N,Y,Y,N,N,Y,Y,Y,N,Y,Y,N,N,Y,Y,N,N,Y,Y,N,N,Y,Y,Y
2019,"Boone, Kelly M.; Rausch, Joseph; Pelak, Grace; Li, Rui; Turner, Abigail Norris; Klebanoff, Mark A.; Keim, Sarah A.",Docosahexaenoic Acid and Arachidonic Acid Supplementation and Sleep in Toddlers Born Preterm: Secondary Analysis of a Randomized Clinical Trial.,Journal of clinical sleep medicine : JCSM : official publication of the American Academy of Sleep Medicine,,1550-9397 1550-9389,10.5664/jcsm.7902,N,Y,Y,N,N,Y,Y,N,N,Y,Y,N,N,Y,Y,N,N,Y,Y,N,N,Y,Y,N
2019,"Easterlin, Molly C.; Chung, Paul J.; Leng, Mei; Dudovitz, Rebecca",Association of Team Sports Participation With Long-term Mental Health Outcomes Among Individuals Exposed to Adverse Childhood Experiences.,JAMA pediatrics,,2168-6211 2168-6203,10.1001/jamapediatrics.2019.1212,N,Y,Y,Y,N,Y,Y,N,N,Y,Y,N,N,Y,Y,N,N,Y,Y,N,N,Y,Y,N
2016,"Schmidt, Martina E.; Meynköhn, Anna; Habermann, Nina; Wiskemann, Joachim; Oelmann, Jan; Hof, Holger; Wessels, Sabine; Klassen, Oliver; Debus, Jürgen; Potthoff, Karin; Steindorf, Karen; Ulrich, Cornelia M.","Resistance Exercise and Inflammation in Breast Cancer Patients Undergoing Adjuvant Radiation Therapy: Mediation Analysis From a Randomized, Controlled  Intervention Trial.","International journal of radiation oncology, biology, physics",,1879-355X 0360-3016,10.1016/j.ijrobp.2015.10.058,N,Y,Y,N,N,Y,Y,N,N,Y,Y,N,N,Y,Y,N,N,Y,Y,N,N,Y,Y,N
2015,"Morita, Yuko; Sasai-Sakuma, Taeko; Asaoka, Shoichi; Inoue, Yuichi",The impact of a delayed sleep-wake schedule on depression is greater in women--A web-based cross-sectional study in Japanese young adults.,Chronobiology international,,1525-6073 0742-0528,10.3109/07420528.2015.1055756,N,Y,Y,N,N,Y,Y,N,N,Y,Y,N,N,Y,Y,N,N,Y,Y,N,N,Y,Y,N
2013,"Lesser, Glenn J.; Case, Doug; Stark, Nancy; Williford, Susan; Giguere, Jeff; Garino, L. Astrid; Naughton, Michelle J.; Vitolins, Mara Z.; Lively, Mark O.; Shaw, Edward G.","A randomized, double-blind, placebo-controlled study of oral coenzyme Q10 to relieve self-reported treatment-related fatigue in newly diagnosed patients with  breast cancer.",The journal of supportive oncology,,1544-6794 1879-596X,10.1016/j.suponc.2012.03.003,N,Y,Y,N,N,Y,Y,N,N,Y,Y,N,N,Y,Y,N,N,Y,Y,N,N,Y,Y,N
2009,"Wang, Chenchen; Schmid, Christopher H.; Hibberd, Patricia L.; Kalish, Robert; Roubenoff, Ronenn; Rones, Ramel; McAlindon, Timothy",Tai Chi is effective in treating knee osteoarthritis: a randomized controlled trial.,Arthritis and rheumatism,,0004-3591 1529-0131,10.1002/art.24832,N,Y,Y,N,N,Y,Y,N,N,Y,Y,N,N,Y,Y,N,N,Y,Y,N,N,Y,Y,N
2024,"Huang, Anle; Zhang, Dongmei; Zhang, Lin; Zhou, Zhiqing",Predictors and consequences of visual trajectories in Chinese older population: A growth mixture model.,Journal of global health,,2047-2986 2047-2978,10.7189/jogh.14.04080,N,Y,Y,Y,N,Y,Y,Y,N,Y,Y,Y,N,Y,Y,Y,N,Y,Y,Y,N,Y,Y,Y
2020,"Han, Jiayu; Jia, Peng; Huang, Yuling; Gao, Bo; Yu, Bin; Yang, Shifan; Yu, Jun; Xiong, Jun; Liu, Chang; Xie, Tian; Dong, Peijie; Yang, Chao; Wang, Zixin; Yang, Shujuan",Association between social capital and mental health among older people living with HIV: the Sichuan Older HIV-Infected Cohort Study (SOHICS).,BMC public health,,1471-2458,10.1186/s12889-020-08705-6,N,Y,Y,UPON REQUEST,N,Y,Y,UPON REQUEST,N,Y,Y,UPON REQUEST ,N,Y,Y,UPON REQUEST,N,Y,Y,UPON REQUEST,N,Y,Y,UPON REQUEST
2021,"Bedaso, Asres; Adams, Jon; Peng, Wenbo; Sibbritt, David",The mediational role of social support in the relationship between stress and antenatal anxiety and depressive symptoms among Australian women: a mediational  analysis.,Reproductive health,,1742-4755,10.1186/s12978-021-01305-6,N,Y,Y,Y,N,Y,Y,UPON REQUEST,N,Y,Y,UPON REQUEST ,N,Y,Y,UPON REQUEST,N,Y,Y,UPON REQUEST,N,Y,Y,UPON REQUEST
2017,"McNeil, John J.; Woods, Robyn L.; Nelson, Mark R.; Murray, Anne M.; Reid, Christopher M.; Kirpach, Brenda; Storey, Elsdon; Shah, Raj C.; Wolfe, Rory S.; Tonkin, Andrew M.; Newman, Anne B.; Williamson, Jeff D.; Lockery, Jessica E.; Margolis, Karen L.; Ernst, Michael E.; Abhayaratna, Walter P.; Stocks, Nigel; Fitzgerald, Sharyn M.; Trevaks, Ruth E.; Orchard, Suzanne G.; Beilin, Lawrence J.; Donnan, Geoffrey A.; Gibbs, Peter; Johnston, Colin I.; Grimm, Richard H.",Baseline Characteristics of Participants in the ASPREE (ASPirin in Reducing Events in the Elderly) Study.,"The journals of gerontology. Series A, Biological sciences and medical sciences",,1758-535X 1079-5006,10.1093/gerona/glw342,N,Y,Y,N,N,Y,Y,N,N,Y,Y,N,N,Y,Y,N,N,Y,Y,N,N,Y,Y,N
2024,"Zhu, Lan; Wang, Yixi; Li, Jiaqi; Zhou, Huan; Li, Ningxiu; Wang, Yuanyuan",Depressive symptoms and all-cause mortality among middle-aged and older people in China and associations with chronic diseases.,Frontiers in public health,,2296-2565,10.3389/fpubh.2024.1381273,N,Y,Y,UPON REQUEST,N,Y,Y,N,N,Y,Y,N,N,Y,Y,UPON REQUEST,N,Y,Y,Y,N,Y,Y,Y
2002,"Gonzaga, Heron Fernando de Sousa; Jorge, Maria Augusta; Gonzaga, Lúcia Helena de Sousa; Barbosa, Calógeras A. A.; Chaves, Marcelo Donizetti",Systemic and oral alterations in Brazilian patients with cutaneous herpes zoster.,Brazilian dental journal,,0103-6440,,N,Y,Y,N,N,Y,Y,N,N,Y,Y,N,N,Y,Y,N,N,Y,Y,N,N,Y,Y,N
2023,"Zhao, Lanlan; Xu, Fuqin; Zheng, Xin; Xu, Ziwen; Osten, Benjamin; Ji, Kai; Ding, Shuo; Liu, Guoqing; Yang, Shufan; Chen, Ren",Mediation role of anxiety on social support and depression among diabetic patients in elderly caring social organizations in China during COVID-19  pandemic: a cross-sectional study.,BMC geriatrics,,1471-2318,10.1186/s12877-023-04502-z,N,Y,Y,UPON REQUEST,N,Y,Y,UPON REQUEST,N,Y,Y,UPON REQUEST ,N,Y,Y,UPON REQUEST,N,Y,Y,UPON REQUEST,N,Y,Y,UPON REQUEST
2022,"Williams, Dionna W.; Flores, Bianca R.; Xu, Yanxun; Wang, Yuezhe; Yu, Danyang; Peters, Brandilyn A.; Adedimeji, Adebola; Wilson, Tracey E.; Merenstein, Daniel; Tien, Phyllis C.; Cohen, Mardge H.; Weber, Kathleen M.; Adimora, Adaora A.; Ofotokun, Igho; Fischl, Margaret; Turan, Janet; Turan, Bülent; Laumet, Geoffroy; Landay, Alan L.; Dastgheyb, Raha M.; Gange, Stephen J.; Weiser, Sheri D.; Rubin, Leah H.",T-cell activation state differentially contributes to neuropsychiatric complications in women with HIV.,"Brain, behavior, & immunity - health",,2666-3546,10.1016/j.bbih.2022.100498,N,Y,Y,UPON REQUEST,N,Y,Y,N,N,Y,Y,N,N,Y,Y,N,N,Y,Y,N,N,Y,Y,N
2024,"Fajar, Adroit T. N.; Hanada, Takafumi; Hartono, Aditya D.; Goto, Masahiro",Estimating the phase diagrams of deep eutectic solvents within an extensive chemical space.,Communications chemistry,,2399-3669,10.1038/s42004-024-01116-3,N,Y,Y,UPON REQUEST,N,Y,Y,Y,N,Y,Y,UPON REQUEST ,N,Y,Y,UPON REQUEST,N,Y,Y,Y,N,Y,Y,Y
2023,"López-Cepero, Andrea A.; Spruill, Tanya; Suglia, Shakira F.; Lewis, Tené T.; Mazzitelli, Natalia; Pérez, Cynthia M.; Rosal, Milagros C.",Shift-and-persist strategies as a potential protective factor against symptoms of psychological distress among young adults in Puerto Rico.,Social psychiatry and psychiatric epidemiology,,1433-9285 0933-7954,10.1007/s00127-023-02601-1,N,Y,Y,UPON REQUEST,N,Y,Y,UPON REQUEST,N,Y,Y,UPON REQUEST ,N,Y,Y,UPON REQUEST,N,Y,Y,UPON REQUEST,N,Y,Y,UPON REQUEST
2023,"Marcus, Maja E.; Mahlalela, Nomsa; Drame, Ndeye D.; Rohr, Julia K.; Vollmer, Sebastian; Tollman, Stephen; Berkman, Lisa; Kahn, Kathleen; Gómez-Olivé, Francesc Xavier; Manne-Goehler, Jennifer; Bärnighausen, Till",Home-based HIV testing strategies for middle-aged and older adults in rural South Africa.,"AIDS (London, England)",,1473-5571 0269-9370,10.1097/QAD.0000000000003698,N,Y,Y,N,N,Y,Y,N,N,Y,Y,N,N,Y,Y,N,N,Y,Y,N,N,Y,Y,N
2020,"Fisher, Kathryn; Markle-Reid, Maureen; Ploeg, Jenny; Bartholomew, Amy; Griffith, Lauren E.; Gafni, Amiram; Thabane, Lehana; Yous, Marie-Lee","Self-management program versus usual care for community-dwelling older adults with multimorbidity: A pragmatic randomized controlled trial in Ontario, Canada.",Journal of comorbidity,,2235-042X,10.1177/2235042X20963390,N,Y,Y,N,N,Y,Y,N,N,Y,Y,N,N,Y,Y,N,N,Y,Y,N,N,Y,Y,N
2023,"Ngure, Kenneth; Friedland, Barbara A.; Szydlo, Daniel W.; Roberts, Sarah T.; Garcia, Morgan; Levy, Lisa; Akello, Carolyne A.; Reddy, Krishnaveni; Palanee-Phillips, Thesla; Macdonald, Pippa; Siziba, Bekezela; Soto-Torres, Lydia; Hosek, Sybil; Hillier, Sharon L.; Nair, Gonasagrie; Celum, Connie; van der Straten, Ariane","Baseline preferences for oral pre-exposure prophylaxis (PrEP) or dapivirine intravaginal ring for HIV prevention among adolescent girls and young women in  South Africa, Uganda and Zimbabwe (MTN-034/IPM-045 study).",PloS one,,1932-6203,10.1371/journal.pone.0287525,N,Y,Y,UPON REQUEST,N,Y,Y,UPON REQUEST,N,Y,Y,UPON REQUEST ,N,Y,Y,UPON REQUEST,N,Y,Y,UPON REQUEST,N,Y,Y,N
2022,"Lee, Joo Hye; Yun, Jan-Di; Whang, Jeong Yeop; Pyo, Jung Yoon; Ahn, Sung Soo; Song, Jason Jungsik; Park, Yong-Beom; Lee, Sang-Won",Predicting the depressive status using empirical dietary inflammatory index in patients with antineutrophil cytoplasmic antibody-associated vasculitis.,Journal of clinical laboratory analysis,,1098-2825 0887-8013,10.1002/jcla.24543,N,Y,Y,N,N,Y,Y,Y,N,Y,Y,N,N,Y,Y,N,N,Y,Y,N,N,Y,Y,Y
2015,"Daley, Clare; Patterson, Amanda; Sibbritt, David; MacDonald-Wicks, Lesley",Unsaturated fat intakes and mental health outcomes in young women from the Australian Longitudinal Study on Women's Heath.,Public health nutrition,,1475-2727 1368-9800,10.1017/S1368980014000561,N,Y,Y,N,N,Y,Y ,N,N,Y,Y,N,N,Y,Y,N,N,Y,Y,N,N,Y,Y,N
2016,"Taylor, Kira C.; Evans, Daniel S.; Edwards, Digna R. Velez; Edwards, Todd L.; Sofer, Tamar; Li, Guo; Liu, Youfang; Franceschini, Nora; Jackson, Rebecca D.; Giri, Ayush; Donneyong, Macarius; Psaty, Bruce; Rotter, Jerome I.; LaCroix, Andrea Z.; Jordan, Joanne M.; Robbins, John A.; Lewis, Beth; Stefanick, Marcia L.; Liu, Yongmei; Garcia, Melissa; Harris, Tamara; Cauley, Jane A.; North, Kari E.","A genome-wide association study meta-analysis of clinical fracture in 10,012 African American women.",Bone reports,,2352-1872,10.1016/j.bonr.2016.08.005,N,Y,Y,N,N,Y,Y,N,N,Y,Y,N,N,Y,Y,N,N,Y,Y,N,N,Y,Y,Y
2023,"Zou, Shoukang; Deng, Fang; Tan, Wenli; Fu, Yutong; Zhang, Hang; Xu, Hanmei; Tao, Yuanmei; Tang, Xian; Tang, Xiaowei; Xiong, Ping; Huang, Huiping; Huang, Ying; Li, Ling; Yang, Wenjuan; Zeng, Hongping; Liu, Gui; Shen, Xiaosu; Zhao, Hongqin; Chen, Ying; Yao, Kangling; Zhao, Jingyi; Han, Wenwen; Zhou, Jingmiao; Hou, Jianmin; Peng, Shikun; Wang, Yadan; Yang, Yunzhen; Feng, Yi; Chen, Lin; Yang, Xiting; Li, Shuangshuang; Luo, Xue; Wang, Yan; Yin, Li",Interactive effect between sleep and exercise on depressive symptoms in Chinese adolescents.,Frontiers in psychiatry,,1664-0640,10.3389/fpsyt.2023.1207243,N,Y,Y,UPON REQUEST,N,Y,Y,Y,N,Y,Y,UPON REQUEST ,N,Y,Y,UPON REQUEST,N,Y,Y,Y,N,Y,Y,Y
2021,"Jimah, Tamara; Borg, Holly; Kehoe, Priscilla; Pimentel, Pamela; Turner, Arlene; Labbaf, Sina; Asgari Mehrabadi, Milad; Rahmani, Amir M.; Dutt, Nikil; Guo, Yuqing",A Technology-Based Pregnancy Health and Wellness Intervention (Two Happy Hearts): Case Study.,JMIR formative research,,2561-326X,10.2196/30991,N,Y,Y,N,N,Y,Y,N,N,Y,Y,N,N,Y,Y,N,N,Y,Y,N,N,Y,Y,N
2021,"Oosterloo, Berthe C.; de Feijter, Maud; Croll, Pauline H.; Baatenburg de Jong, Robert J.; Luik, Annemarie I.; Goedegebure, André",Cross-sectional and Longitudinal Associations Between Tinnitus and Mental Health in a Population-Based Sample of Middle-aged and Elderly Persons.,JAMA otolaryngology-- head & neck surgery,,2168-619X 2168-6181,10.1001/jamaoto.2021.1049,N,Y,Y,UPON REQUEST,N,Y,Y,UPON REQUEST,N,Y,Y,N,N,Y,Y,UPON REQUEST,N,Y,Y,N,N,Y,Y,UPON REQUEST
2020,"Al-Ajlouni, Yazan A.; Park, Su Hyun; Alawa, Jude; Shamaileh, Ghaith; Bawab, Aziz; El-Sadr, Wafaa M.; Duncan, Dustin T.",Anxiety and depressive symptoms are associated with poor sleep health during a period of COVID-19-induced nationwide lockdown: a cross-sectional analysis of  adults in Jordan.,BMJ open,,2044-6055,10.1136/bmjopen-2020-041995,N,Y,Y,UPON REQUEST,N,Y,Y,UPON REQUEST,N,Y,Y,UPON REQUEST ,N,Y,Y,UPON REQUEST,N,Y,Y,UPON REQUEST,N,Y,Y,UPON REQUEST
2020,"Bryant, Kelsey B.; Jannat-Khah, Deanna P.; Cornelius, Talea; Khodneva, Yulia; Richman, Joshua; Fleck, Elaine M.; Torres-Deas, Lucille M.; Safford, Monika M.; Moise, Nathalie",Time-Varying Depressive Symptoms and Cardiovascular and All-Cause Mortality: Does the Risk Vary by Age or Sex?,Journal of the American Heart Association,,2047-9980,10.1161/JAHA.120.016661,N,Y,Y,UPON REQUEST,N,Y,Y,UPON REQUEST,N,Y,Y,UPON REQUEST ,N,Y,Y,N,N,Y,Y,UPON REQUEST,N,Y,Y,UPON REQUEST
2022,"Fountoulakis, Konstantinos N.; Karakatsoulis, Grigorios N.; Abraham, Seri; Adorjan, Kristina; Ahmed, Helal Uddin; Alarcón, Renato D.; Arai, Kiyomi; Auwal, Sani Salihu; Berk, Michael; Bjedov, Sarah; Bobes, Julio; Bobes-Bascaran, Teresa; Bourgin-Duchesnay, Julie; Bredicean, Cristina Ana; Bukelskis, Laurynas; Burkadze, Akaki; Abud, Indira Indiana Cabrera; Castilla-Puentes, Ruby; Cetkovich, Marcelo; Colon-Rivera, Hector; Corral, Ricardo; Cortez-Vergara, Carla; Crepin, Piirika; De Berardis, Domenico; Delgado, Sergio Zamora; De Lucena, David; De Sousa, Avinash; Stefano, Ramona Di; Dodd, Seetal; Elek, Livia Priyanka; Elissa, Anna; Erdelyi-Hamza, Berta; Erzin, Gamze; Etchevers, Martin J.; Falkai, Peter; Farcas, Adriana; Fedotov, Ilya; Filatova, Viktoriia; Fountoulakis, Nikolaos K.; Frankova, Iryna; Franza, Francesco; Frias, Pedro; Galako, Tatiana; Garay, Cristian J.; Garcia-Álvarez, Leticia; García-Portilla, Maria Paz; Gonda, Xenia; Gondek, Tomasz M.; González, Daniela Morera; Gould, Hilary; Grandinetti, Paolo; Grau, Arturo; Groudeva, Violeta; Hagin, Michal; Harada, Takayuki; Hasan, Tasdik M.; Hashim, Nurul Azreen; Hilbig, Jan; Hossain, Sahadat; Iakimova, Rossitza; Ibrahim, Mona; Iftene, Felicia; Ignatenko, Yulia; Irarrazaval, Matias; Ismail, Zaliha; Ismayilova, Jamila; Jacobs, Asaf; Jakovljevi?, Miro; Jaki?, Nenad; Javed, Afzal; Kafali, Helin Yilmaz; Karia, Sagar; Kazakova, Olga; Khalifa, Doaa; Khaustova, Olena; Koh, Steve; Kopishinskaia, Svetlana; Kosenko, Korneliia; Koupidis, Sotirios A.; Kovacs, Illes; Kulig, Barbara; Lalljee, Alisha; Liewig, Justine; Majid, Abdul; Malashonkova, Evgeniia; Malik, Khamelia; Malik, Najma Iqbal; Mammadzada, Gulay; Mandalia, Bilvesh; Marazziti, Donatella; Mar?inko, Darko; Martinez, Stephanie; Matiekus, Eimantas; Mejia, Gabriela; Memon, Roha Saeed; Martínez, Xarah Elenne Meza; Mickevi?i?t?, Dalia; Milev, Roumen; Mohammed, Muftau; Molina-López, Alejandro; Morozov, Petr; Muhammad, Nuru Suleiman; Musta?, Filip; Naor, Mika S.; Nassieb, Amira; Navickas, Alvydas; Okasha, Tarek; Pandova, Milena; Panfil, Anca-Livia; Panteleeva, Liliya; Papava, Ion; Patsali, Mikaella E.; Pavlichenko, Alexey; Pejuskovic, Bojana; Da Costa, Mariana Pinto; Popkov, Mikhail; Popovic, Dina; Raduan, Nor Jannah Nasution; Ramírez, Francisca Vargas; Rancans, Elmars; Razali, Salmi; Rebok, Federico; Rewekant, Anna; Flores, Elena Ninoska Reyes; Rivera-Encinas, María Teresa; Saiz, Pilar; de Carmona, Manuel Sánchez; Martínez, David Saucedo; Saw, Jo Anne; Saygili, Görkem; Schneidereit, Patricia; Shah, Bhumika; Shirasaka, Tomohiro; Silagadze, Ketevan; Sitanggang, Satti; Skugarevsky, Oleg; Spikina, Anna; Mahalingappa, Sridevi Sira; Stoyanova, Maria; Szczegielniak, Anna; Tamasan, Simona Claudia; Tavormina, Giuseppe; Tavormina, Maurilio Giuseppe Maria; Theodorakis, Pavlos N.; Tohen, Mauricio; Tsapakis, Eva Maria; Tukhvatullina, Dina; Ullah, Irfan; Vaidya, Ratnaraj; Vega-Dienstmaier, Johann M.; Vrublevska, Jelena; Vukovic, Olivera; Vysotska, Olga; Widiasih, Natalia; Yashikhina, Anna; Prezerakos, Panagiotis E.; Smirnova, Daria","The effect of different degrees of lockdown and self-identified gender on anxiety, depression and suicidality during the COVID-19 pandemic: Data from the  international COMET-G study.",Psychiatry research,,1872-7123 0165-1781,10.1016/j.psychres.2022.114702,N,Y,Y,N,N,Y,Y,N,N,Y,Y,N,N,Y,Y,N,N,Y,Y,N,N,Y,Y,N
2022,"Miyake, Yoshihiro; Tanaka, Keiko; Okubo, Hitomi; Sasaki, Satoshi; Arakawa, Masashi",Tryptophan intake is related to a lower prevalence of depressive symptoms during pregnancy in Japan: baseline data from the Kyushu Okinawa Maternal and Child  Health Study.,European journal of nutrition,,1436-6215 1436-6207,10.1007/s00394-022-02969-x,N,Y,Y,N,N,Y,Y,N,N,Y,Y,N,N,Y,Y,N,N,Y,Y,N,N,Y,Y,N
2019,"Miner, Brienne; Gill, Thomas M.; Yaggi, Henry Klar; Redeker, Nancy S.; Van Ness, Peter H.; Han, Ling; Vaz Fragoso, Carlos A.",The Epidemiology of Patient-Reported Hypersomnia in Persons With Advanced Age.,Journal of the American Geriatrics Society,,1532-5415 0002-8614,10.1111/jgs.16107,N,Y,Y,N,N,Y,Y,N,N,Y,Y,N,N,Y,Y,N,N,Y,Y,N,N,Y,Y,N
2018,"Rawlings, A. M.; Sharrett, A. R.; Golden, S. H.; Windham, B. G.; Selvin, E.",Prevalence and correlates of depressive symptoms in older adults across the glycaemic spectrum: the Atherosclerosis Risk in Communities (ARIC) study.,Diabetic medicine : a journal of the British Diabetic Association,,1464-5491 0742-3071,10.1111/dme.13593,N,Y,Y,N,N,Y,Y,N,N,Y,Y,N,N,Y,Y,N,N,Y,Y,N,N,Y,Y,N
2016,"Dodson, Rebecca M.; McQuellon, Richard P.; Mogal, Harveshp D.; Duckworth, Katharine E.; Russell, Gregory B.; Votanopoulos, Konstantinos I.; Shen, Perry; Levine, Edward A.",Quality-of-Life Evaluation After Cytoreductive Surgery with Hyperthermic Intraperitoneal Chemotherapy.,Annals of surgical oncology,,1534-4681 1068-9265,10.1245/s10434-016-5547-y,N,Y,Y,N,N,Y,Y,N,N,Y,Y,N,N,Y,Y,N,N,Y,Y,N,N,Y,Y,N
2016,"Yohannes, Abebaw M.; Müllerová, Hana; Hanania, Nicola A.; Lavoie, Kim; Tal-Singer, Ruth; Vestbo, Jorgen; Rennard, Steven I.; Wouters, Emil F. M.",Long-term Course of Depression Trajectories in Patients With COPD: A 3-Year Follow-up Analysis of the Evaluation of COPD Longitudinally to Identify  Predictive Surrogate Endpoints Cohort.,Chest,,1931-3543 0012-3692,10.1016/j.chest.2015.10.081,N,Y,Y,N,N,Y,Y,N,N,Y,Y,N,N,Y,Y,N,N,Y,Y,N,N,Y,Y,N
2016,"Raffield, Laura M.; Brenes, Gretchen A.; Cox, Amanda J.; Freedman, Barry I.; Hugenschmidt, Christina E.; Hsu, Fang-Chi; Xu, Jianzhao; Wagner, Benjamin C.; Williamson, Jeff D.; Maldjian, Joseph A.; Bowden, Donald W.",Associations between anxiety and depression symptoms and cognitive testing and neuroimaging in type 2 diabetes.,Journal of diabetes and its complications,,1873-460X 1056-8727,10.1016/j.jdiacomp.2015.09.010,N,Y,Y,N,N,Y,Y,N,N,Y,Y,N,N,Y,Y,N,N,Y,Y,N,N,Y,Y,Y
2013,"Diem, Susan J.; Ruppert, Kristine; Cauley, Jane A.; Lian, YinJuan; Bromberger, Joyce T.; Finkelstein, Joel S.; Greendale, Gail A.; Solomon, Daniel H.",Rates of bone loss among women initiating antidepressant medication use in midlife.,The Journal of clinical endocrinology and metabolism,,1945-7197 0021-972X,10.1210/jc.2013-1971,N,Y,Y,N,N,Y,Y,N,N,Y,Y,N,N,Y,Y,N,N,Y,Y,N,N,Y,Y,N
2012,"Schumacher, Jessica R.; Witt, Whitney P.; Palta, Mari; Loconte, Noelle K.; Heidrich, Susan M.; Trentham-Dietz, Amy; Pandhi, Nancy; Smith, Maureen A.",Cancer screening of long-term cancer survivors.,Journal of the American Board of Family Medicine : JABFM,,1558-7118 1557-2625,10.3122/jabfm.2012.04.110118,N,Y,Y,Y,N,Y,Y,N,N,Y,Y,N,N,Y,Y,Y,N,Y,Y,Y,N,Y,Y,N
2024,"Neufeld, Kate M.; Moaf, Paris; Quilter, Michelle; Danguecan, Ashley N.; Couture, Julie; Dominguez, Daniela; Hendrikx, Olivia; Ng, Lawrence; Schachter, Reva; Korczak, Daphne D.; Levy, Deborah M.; Hiraki, Linda; Knight, Andrea M.","Evaluation of depressive and anxiety symptoms in childhood-onset systemic lupus erythematosus: Frequency, course, and associated risk factors.",Lupus,,1477-0962 0961-2033,10.1177/09612033241254170,N,Y,Y,N,N,Y,Y,N,N,Y,Y,N,N,Y,Y,N,N,Y,Y,N,N,Y,Y,N
2021,"Lamichhane, Dirga Kumar; Jung, Dal-Young; Shin, Yee-Jin; Lee, Kyung-Sook; Lee, So-Yeon; Ahn, Kangmo; Kim, Kyung Won; Shin, Youn Ho; Suh, Dong In; Hong, Soo-Jong; Kim, Hwan-Cheol",Association of ambient air pollution with depressive and anxiety symptoms in pregnant women: A prospective cohort study.,International journal of hygiene and environmental health,,1618-131X 1438-4639,10.1016/j.ijheh.2021.113823,N,Y,Y,N,N,Y,Y,N,N,Y,Y,N,N,Y,Y,N,N,Y,Y,N,N,Y,Y,Y
2019,"Rubin, Leah H.; Springer, Gayle; Martin, Eileen M.; Seaberg, Eric C.; Sacktor, Ned C.; Levine, Andrew; Valcour, Victor G.; Young, Mary A.; Becker, James T.; Maki, Pauline M.",Elevated Depressive Symptoms Are a Stronger Predictor of Executive Dysfunction in HIV-Infected Women Than in Men.,Journal of acquired immune deficiency syndromes (1999),,1944-7884 1525-4135,10.1097/QAI.0000000000002029,N,Y,Y,N,N,Y,Y,N,N,Y,Y,N,N,Y,Y,N,N,Y,Y,N,N,Y,Y,N
2015,"Saczynski, Jane S.; Rosen, Allison B.; McCammon, Ryan J.; Zivin, Kara; Andrade, Susan E.; Langa, Kenneth M.; Vijan, Sandeep; Pirraglia, Paul A.; Briesacher, Becky A.",Antidepressant Use and Cognitive Decline: The Health and Retirement Study.,The American journal of medicine,,1555-7162 0002-9343,10.1016/j.amjmed.2015.01.007,N,Y,Y,N,N,Y,Y,N,N,Y,Y,N,N,Y,Y,N,N,Y,Y,N,N,Y,Y,N
2022,"Loh, Kah Poh; Sanapala, Chandrika; Janelsins, Michelle; Klepin, Heidi D.; Schnall, Rebecca; Culakova, Eva; Sohn, Michael B.; Vertino, Paula; Susiarjo, Martha; Jensen-Battaglia, Marielle; Becker, Michael W.; Liesveld, Jane; Mendler, Jason H.; Huselton, Eric; Lin, Po-Ju; Mustian, Karen",Protocol for a pilot randomized controlled trial of a mobile health exercise intervention for older patients with myeloid neoplasms (GO-EXCAP 2).,Journal of geriatric oncology,,1879-4076 1879-4068,10.1016/j.jgo.2021.12.011,N,Y,Y,N,N,Y,Y,N,N,Y,Y,N,N,Y,Y,N,N,Y,Y,N,N,Y,Y,N
2016,"Kaup, Allison R.; Byers, Amy L.; Falvey, Cherie; Simonsick, Eleanor M.; Satterfield, Suzanne; Ayonayon, Hilsa N.; Smagula, Stephen F.; Rubin, Susan M.; Yaffe, Kristine",Trajectories of Depressive Symptoms in Older Adults and Risk of Dementia.,JAMA psychiatry,,2168-6238 2168-622X,10.1001/jamapsychiatry.2016.0004,N,Y,Y,N,N,Y,Y,N,N,Y,Y,N,N,Y,Y,N,N,Y,Y,N,N,Y,Y,N
1998,"Mendelsohn, A. L.; Dreyer, B. P.; Fierman, A. H.; Rosen, C. M.; Legano, L. A.; Kruger, H. A.; Lim, S. W.; Courtlandt, C. D.",Low-level lead exposure and behavior in early childhood.,Pediatrics,,1098-4275 0031-4005,10.1542/peds.101.3.e10,N,Y,Y,N,N,Y,Y,N,N,Y,Y,N,N,Y,Y,N,N,Y,Y,N,N,Y,Y,N
2019,"Schlicker, Sandra; Weisel, Kiona K.; Buntrock, Claudia; Berking, Matthias; Nobis, Stephanie; Lehr, Dirk; Baumeister, Harald; Snoek, Frank J.; Riper, Heleen; Ebert, David D.",Do Nonsuicidal Severely Depressed Individuals with Diabetes Profit from Internet-Based Guided Self-Help? Secondary Analyses of a Pragmatic Randomized  Trial.,Journal of diabetes research,,2314-6753 2314-6745,10.1155/2019/2634094,N,Y,Y,N,N,Y,Y,N,N,Y,Y,N,N,Y,Y,Y,N,Y,Y,N,N,Y,Y,Y
2023,"Stieglitz, Laura-Marie; Adams, Leslie B.; Bärnighausen, Till; Berghöfer, Anne; Kazonda, Patrick; Killewo, Japhet; Leyna, Germana H.; Lohmann, Julia; Rohr, Julia K.; Kohler, Stefan","Depressive symptoms and their association with age, chronic conditions and health status among middle-aged and elderly people in peri-urban Tanzania.","Global mental health (Cambridge, England)",,2054-4251,10.1017/gmh.2023.17,N,Y,Y,UPON REQUEST,N,Y,Y,UPON REQUEST,N,Y,Y,UPON REQUEST ,N,Y,Y,UPON REQUEST,N,Y,Y,UPON REQUEST,N,Y,Y,UPON REQUEST
2018,"Vandermeer, Ben; van der Tweel, Ingeborg; Jansen-van der Weide, Marijke C.; Weinreich, Stephanie S.; Contopoulos-Ioannidis, Despina G.; Bassler, Dirk; Fernandes, Ricardo M.; Askie, Lisa; Saloojee, Haroon; Baiardi, Paola; Ellenberg, Susan S.; van der Lee, Johanna H.",Comparison of nuisance parameters in pediatric versus adult randomized trials: a meta-epidemiologic empirical evaluation.,BMC medical research methodology,,1471-2288,10.1186/s12874-017-0456-8,N,Y,Y,UPON REQUEST,N,Y,Y,UPON REQUEST,N,Y,Y,UPON REQUEST ,N,Y,Y,UPON REQUEST,N,Y,Y,UPON REQUEST,N,Y,Y,UPON REQUEST
2022,"Salinas, Joel; Beiser, Alexa S.; Samra, Jasmeet K.; O'Donnell, Adrienne; DeCarli, Charles S.; Gonzales, Mitzi M.; Aparicio, Hugo J.; Seshadri, Sudha",Association of Loneliness With 10-Year Dementia Risk and Early Markers of Vulnerability for Neurocognitive Decline.,Neurology,,1526-632X 0028-3878,10.1212/WNL.0000000000200039,N,Y,Y,Y,N,Y,Y,UPON REQUEST,N,Y,Y,UPON REQUEST ,N,Y,Y,Y,N,Y,Y,UPON REQUEST,N,Y,Y,Y
2017,"Armstrong, Nicole M.; Surkan, Pamela J.; Treisman, Glenn J.; Sacktor, Ned C.; Irwin, Michael R.; Teplin, Linda A.; Stall, Ron; Martin, Eileen M.; Becker, James T.; Munro, Cynthia; Levine, Andrew J.; Jacobson, Lisa P.; Abraham, Alison G.",Association of long-term patterns of depressive symptoms and attention/executive function among older men with and without human immunodeficiency virus.,Journal of neurovirology,,1538-2443 1355-0284,10.1007/s13365-017-0527-y,N,Y,Y,N,N,Y,Y,N,N,Y,Y,N,N,Y,Y,N,N,Y,Y,N,N,Y,Y,N
2017,"Adjibade, Moufidath; Andreeva, Valentina A.; Lemogne, Cédric; Touvier, Mathilde; Shivappa, Nitin; Hébert, James R.; Wirth, Michael D.; Hercberg, Serge; Galan, Pilar; Julia, Chantal; Assmann, Karen E.; Kesse-Guyot, Emmanuelle",The Inflammatory Potential of the Diet Is Associated with Depressive Symptoms in Different Subgroups of the General Population.,The Journal of nutrition,,1541-6100 0022-3166,10.3945/jn.116.245167,N,Y,Y,N,N,Y,Y,N,N,Y,Y,N,N,Y,Y,N,N,Y,Y,N,N,Y,Y,N
2016,"Dotson, V. M.; Hsu, F. C.; Langaee, T. Y.; McDonough, C. W.; King, A. C.; Cohen, R. A.; Newman, A. B.; Kritchevsky, S. B.; Myers, V.; Manini, T. M.; Pahor, M.",Genetic Moderators of the Impact of Physical Activity on Depressive Symptoms.,The Journal of frailty & aging,,2260-1341 2273-4309,10.14283/jfa.2016.76,N,Y,Y,N,N,Y,Y,N,N,Y,Y,N,N,Y,Y,N,N,Y,Y,N,N,Y,Y,N
2016,"Adriani, Dewi Erika; Dingkuhn, Michael; Dardou, Audrey; Adam, Hélène; Luquet, Delphine; Lafarge, Tanguy",Rice panicle plasticity in Near Isogenic Lines carrying a QTL for larger panicle is genotype and environment dependent.,"Rice (New York, N.Y.)",,1939-8425 1939-8433,10.1186/s12284-016-0101-x,N,Y,Y,N,N,Y,Y,N,N,Y,Y,N,N,Y,Y,N,N,Y,Y,N,N,Y,Y,N
2023,"Marathe, Gayatri; Moodie, Erica E. M.; Brouillette, Marie-Josée; Lanièce Delaunay, Charlotte; Cox, Joseph; Martel-Laferrière, Valérie; Gill, John; Cooper, Curtis; Pick, Neora; Vachon, Marie-Louise; Walmsley, Sharon; Klein, Marina B.",Impact of Hepatitis C Virus Cure on Depressive Symptoms in the Human Immunodeficiency Virus-Hepatitis C Virus Coinfected Population in Canada.,Clinical infectious diseases : an official publication of the Infectious Diseases Society of America,,1537-6591 1058-4838,10.1093/cid/ciac540,N,Y,Y,UPON REQUEST,N,Y,Y,N,N,Y,Y,N,N,Y,Y,N,N,Y,Y,N,N,Y,Y,Y
2016,"Sullivan, Donald R.; Forsberg, Christopher W.; Ganzini, Linda; Au, David H.; Gould, Michael K.; Provenzale, Dawn; Slatore, Christopher G.",Longitudinal Changes in Depression Symptoms and Survival Among Patients With Lung Cancer: A National Cohort Assessment.,Journal of clinical oncology : official journal of the American Society of Clinical Oncology,,1527-7755 0732-183X,10.1200/JCO.2016.66.8459,N,Y,Y,N,N,Y,Y,N,N,Y,Y,N,N,Y,Y,N,N,Y,Y,N,N,Y,Y,N
2015,"Hermanns, Norbert; Schmitt, Andreas; Gahr, Annika; Herder, Christian; Nowotny, Bettina; Roden, Michael; Ohmann, Christian; Kruse, Johannes; Haak, Thomas; Kulzer, Bernhard",The effect of a Diabetes-Specific Cognitive Behavioral Treatment Program (DIAMOS) for patients with diabetes and subclinical depression: results of a randomized  controlled trial.,Diabetes care,,1935-5548 0149-5992,10.2337/dc14-1416,N,Y,Y,N,N,Y,Y,N,N,Y,Y,N,N,Y,Y,N,N,Y,Y,N,N,Y,Y,N
2011,"Chen, Qian; Hayman, Laura L.; Shmerling, Robert H.; Bean, Jonathan F.; Leveille, Suzanne G.","Characteristics of chronic pain associated with sleep difficulty in older adults: the Maintenance of Balance, Independent Living, Intellect, and Zest in the  Elderly (MOBILIZE) Boston study.",Journal of the American Geriatrics Society,,1532-5415 0002-8614,10.1111/j.1532-5415.2011.03544.x,N,Y,Y,N,N,Y,Y,N,N,Y,Y,N,N,Y,Y,N,N,Y,Y,N,N,Y,Y,N
2020,"Kuhn, Randall; Barham, Tania; Razzaque, Abdur; Turner, Patrick",Health and well-being of male international migrants and non-migrants in Bangladesh: A cross-sectional follow-up study.,PLoS medicine,,1549-1676 1549-1277,10.1371/journal.pmed.1003081,N,Y,Y,Y,N,Y,Y,Y,N,Y,Y,Y,N,Y,Y,UPON REQUEST,N,Y,Y,UPON REQUEST,N,Y,Y,UPON REQUEST
2017,"Ktistaki, Parthenopi; Alevra, Nephely; Voulgari, Maria",Long-Term Survival of Women with Breast Cancer. Overview Supportive Care Needs Assessment Instruments.,Advances in experimental medicine and biology,,0065-2598,10.1007/978-3-319-57348-9_25,N,Y,Y,N,N,Y,Y,N,N,Y,Y,N,N,Y,Y,N,N,Y,Y,N,N,Y,Y,N
2015,"Philip, Dana; Buch, Assaf; Moorthy, Denish; Scott, Tammy M.; Parnell, Laurence D.; Lai, Chao-Qiang; Ordovás, José M.; Selhub, Jacob; Rosenberg, Irwin H.; Tucker, Katherine L.; Troen, Aron M.",Dihydrofolate reductase 19-bp deletion polymorphism modifies the association of folate status with memory in a cross-sectional multi-ethnic study of adults.,The American journal of clinical nutrition,,1938-3207 0002-9165,10.3945/ajcn.115.111054,N,Y,Y,N,N,Y,Y,N,N,Y,Y,N,N,Y,Y,N,N,Y,Y,N,N,Y,Y,N
2014,"Traeger, Lara; Cannon, Sheila; Keating, Nancy L.; Pirl, William F.; Lathan, Christopher; Martin, Michelle Y.; He, Yulei; Park, Elyse R.",Race by sex differences in depression symptoms and psychosocial service use among non-Hispanic black and white patients with lung cancer.,Journal of clinical oncology : official journal of the American Society of Clinical Oncology,,1527-7755 0732-183X,10.1200/JCO.2012.46.6466,N,Y,Y,N,N,Y,Y,N,N,Y,Y,N,N,Y,Y,N,N,Y,Y,N,N,Y,Y,N
2023,"Van, Rémi Nguyen; Tubiana, Sarah; De Broucker, Thomas; Cédric, Joseph; Roy, Carine; Meyohas, Marie-Caroline; Prazuck, Thierry; Chirouze, Catherine; Hoen, Bruno; Duval, Xavier; Revest, Matthieu","Persistent headaches one year after bacterial meningitis: prevalence, determinants and impact on quality of life.",European journal of clinical microbiology & infectious diseases : official publication of the European Society of Clinical Microbiology,,1435-4373 0934-9723,10.1007/s10096-023-04673-y,N,Y,Y,N,N,Y,Y,N,N,Y,Y,N,N,Y,Y,UPON REQUEST,N,Y,Y,N,N,Y,Y,N
2020,"Roberts, Andrea L.; Kubzansky, Laura D.; Chibnik, Lori B.; Rimm, Eric B.; Koenen, Karestan C.",Association of Posttraumatic Stress and Depressive Symptoms With Mortality in Women.,JAMA network open,,2574-3805,10.1001/jamanetworkopen.2020.27935,N,Y,Y,N,N,Y,Y,N,N,Y,Y,N,N,Y,Y,N,N,Y,Y,N,N,Y,Y,N
2019,"Mills, Jon C.; Pence, Brian W.; Edmonds, Andrew; Adedimeji, Adebola; Schwartz, Rebecca M.; Kassaye, Seble; Cocohoba, Jennifer; Cohen, Mardge H.; Neigh, Gretchen; Fischl, Margaret A.; Kempf, Mirjam-Colette; Adimora, Adaora A.",The Impact of Cumulative Depression Along the HIV Care Continuum in Women Living With HIV During the Era of Universal Antiretroviral Treatment.,Journal of acquired immune deficiency syndromes (1999),,1944-7884 1525-4135,10.1097/QAI.0000000000002140,N,Y,Y,N,N,Y,Y,N,N,Y,Y,N,N,Y,Y,N,N,Y,Y,N,N,Y,Y,N
2020,"Azzopardi, Peter S.; Willenberg, Lisa; Wulan, Nisaa; Devaera, Yoga; Medise, Bernie; Riyanti, Aida; Ansariadi, Ansariadi; Sawyer, Susan; Wiguna, Tjhin; Kaligis, Fransiska; Fisher, Jane; Tran, Thach; Agius, Paul A.; Borschmann, Rohan; Brown, Alex; Cini, Karly; Clifford, Susan; Kennedy, Elissa C.; Pedrana, Alisa; Pham, Minh D.; Wake, Melissa; Zimmet, Paul; Durrant, Kelly; Wiweko, Budi; Luchters, Stanley",Direct assessment of mental health and metabolic syndrome amongst Indonesian adolescents: a study design for a mixed-methods study sampled from school and  community settings.,Global health action,,1654-9880 1654-9716,10.1080/16549716.2020.1732665,N,Y,Y,Y,N,Y,Y,N,N,Y,Y,N,N,Y,Y,N,N,Y,Y,N,N,Y,Y,N
2022,"Li, Yuxin; Jiang, Zeyu; Dong, Guohui; Ho, Wingkei",Construction and Activity of an All-Organic Heterojunction Photocatalyst Based on Melem and Pyromellitic Dianhydride.,ChemSusChem,,1864-564X 1864-5631,10.1002/cssc.202200477,N,Y,Y,N,N,Y,Y,UPON REQUEST,N,Y,Y,UPON REQUEST ,N,Y,Y,UPON REQUEST,N,Y,Y,UPON REQUEST,N,Y,Y,UPON REQUEST
2017,"Dingkuhn, Michael; Pasco, Richard; Pasuquin, Julie M.; Damo, Jean; Soulié, Jean-Christophe; Raboin, Louis-Marie; Dusserre, Julie; Sow, Abdoulaye; Manneh, Baboucarr; Shrestha, Suchit; Balde, Alpha; Kretzschmar, Tobias",Crop-model assisted phenomics and genome-wide association study for climate adaptation of indica rice. 1. Phenology.,Journal of experimental botany,,1460-2431 0022-0957,10.1093/jxb/erx249,N,Y,Y,N,N,Y,Y,N,N,Y,Y,N,N,Y,Y,N,N,Y,Y,N,N,Y,Y,N
2017,"Kumar, Uttam; Quick, William Paul; Barrios, Marilou; Sta Cruz, Pompe C.; Dingkuhn, Michael",Atmospheric CO2 concentration effects on rice water use and biomass production.,PloS one,,1932-6203,10.1371/journal.pone.0169706,N,Y,Y,N,N,Y,Y,Y,N,Y,Y,N,N,Y,Y,N,N,Y,Y,Y,N,Y,Y,Y
2017,"Dingkuhn, Michael; Pasco, Richard; Pasuquin, Julie Mae; Damo, Jean; Soulié, Jean-Christophe; Raboin, Louis-Marie; Dusserre, Julie; Sow, Abdoulaye; Manneh, Baboucarr; Shrestha, Suchit; Kretzschmar, Tobias",Crop-model assisted phenomics and genome-wide association study for climate adaptation of indica rice. 2. Thermal stress and spikelet sterility.,Journal of experimental botany,,1460-2431 0022-0957,10.1093/jxb/erx250,N,Y,Y,N,N,Y,Y,N,N,Y,Y,N,N,Y,Y,N,N,Y,Y,N,N,Y,Y,N
2018,"Nemeth, Julianna M.; Thomson, Tiffany L.; Lu, Bo; Peng, Juan; Krebs, Valdis; Doogan, Nathan J.; Ferketich, Amy K.; Post, Douglas M.; Browning, Christopher R.; Paskett, Electra D.; Wewers, Mary E.",A social-contextual investigation of smoking among rural women: multi-level factors associated with smoking status and considerations for cessation.,Rural and remote health,,1445-6354,10.22605/RRH4338,N,Y,Y,N,N,Y,Y,N,N,Y,Y,N,N,Y,Y,N,N,Y,Y,N,N,Y,Y,N
2021,"Bower, Julienne E.; Partridge, Ann H.; Wolff, Antonio C.; Thorner, Elissa D.; Irwin, Michael R.; Joffe, Hadine; Petersen, Laura; Crespi, Catherine M.; Ganz, Patricia A.",Targeting Depressive Symptoms in Younger Breast Cancer Survivors: The Pathways to Wellness Randomized Controlled Trial of Mindfulness Meditation and Survivorship  Education.,Journal of clinical oncology : official journal of the American Society of Clinical Oncology,,1527-7755 0732-183X,10.1200/JCO.21.00279,N,Y,Y,Y,N,Y,Y,N,N,Y,Y,N,N,Y,Y,UPON REQUEST,N,Y,Y,Y,N,Y,Y,UPON REQUEST
2017,"Gilsanz, Paola; Kubzansky, Laura D.; Tchetgen Tchetgen, Eric J.; Wang, Qianyi; Kawachi, Ichiro; Patton, Kristen K.; Fitzpatrick, Annette L.; Kop, Willem J.; Longstreth, W. T. Jr; Glymour, M. Maria",Changes in Depressive Symptoms and Subsequent Risk of Stroke in the Cardiovascular Health Study.,Stroke,,1524-4628 0039-2499,10.1161/STROKEAHA.116.013554,N,Y,Y,N,N,Y,Y,N,N,Y,Y,N,N,Y,Y,N,N,Y,Y,N,N,Y,Y,Y
2020,"Shuper, Paul A.; Joharchi, Narges; Bogoch, Isaac I.; Loutfy, Mona; Crouzat, Frederic; El-Helou, Philippe; Knox, David C.; Woodward, Kevin; Rehm, Jürgen","Alcohol consumption, substance use, and depression in relation to HIV Pre-Exposure Prophylaxis (PrEP) nonadherence among gay, bisexual, and other  men-who-have-sex-with-men.",BMC public health,,1471-2458,10.1186/s12889-020-09883-z,N,Y,Y,UPON REQUEST,N,Y,Y,UPON REQUEST,N,Y,Y,UPON REQUEST ,N,Y,Y,UPON REQUEST,N,Y,Y,UPON REQUEST,N,Y,Y,UPON REQUEST
2016,"Safren, Steven A.; Bedoya, C. Andres; O'Cleirigh, Conall; Biello, Katie B.; Pinkston, Megan M.; Stein, Michael D.; Traeger, Lara; Kojic, Erna; Robbins, Gregory K.; Lerner, Jonathan A.; Herman, Debra S.; Mimiaga, Matthew J.; Mayer, Kenneth H.",Cognitive behavioural therapy for adherence and depression in patients with HIV: a three-arm randomised controlled trial.,The lancet. HIV,,2352-3018 2405-4704,10.1016/S2352-3018(16)30053-4,N,Y,Y,N,N,Y,Y,N,N,Y,Y,N,N,Y,Y,N,N,Y,Y,N,N,Y,Y,N
2015,"Rebolledo, M. C.; Dingkuhn, M.; Courtois, B.; Gibon, Y.; Clément-Vidal, A.; Cruz, D. F.; Duitama, J.; Lorieux, M.; Luquet, D.","Phenotypic and genetic dissection of component traits for early vigour in rice using plant growth modelling, sugar content analyses and association mapping.",Journal of experimental botany,,1460-2431 0022-0957,10.1093/jxb/erv258,N,Y,Y,N,N,Y,Y,N,N,Y,Y,N,N,Y,Y,N,N,Y,Y,N,N,Y,Y,N
2017,"Jorge, Maria Augusta; Gonzaga, Heron Fernando de Sousa; Tomimori, Jane; Picciani, Bruna Lavinas Sayed; Barbosa, Calógeras Antônio",Prevalence and heritability of psoriasis and benign migratory glossitis in one Brazilian population.,Anais brasileiros de dermatologia,,1806-4841 0365-0596,10.1590/abd1806-4841.20176389,N,Y,Y,N,N,Y,Y,N,N,Y,Y,N,N,Y,Y,N,N,Y,Y,N,N,Y,Y,N
2019,"Grupp-Phelan, Jacqueline; Stevens, Jack; Boyd, Stephanie; Cohen, Daniel M.; Ammerman, Robert T.; Liddy-Hicks, Stacey; Heck, Kendra; Marcus, Steven C.; Stone, Lara; Campo, John V.; Bridge, Jeffrey A.",Effect of a Motivational Interviewing-Based Intervention on Initiation of Mental Health Treatment and Mental Health After an Emergency Department Visit Among  Suicidal Adolescents: A Randomized Clinical Trial.,JAMA network open,,2574-3805,10.1001/jamanetworkopen.2019.17941,N,Y,Y,N,N,Y,Y,N,N,Y,Y,N,N,Y,Y,N,N,Y,Y,N,N,Y,Y,N
2009,"Clifford, David B.; Evans, Scott; Yang, Yijun; Acosta, Edward P.; Ribaudo, Heather; Gulick, Roy M.",Long-term impact of efavirenz on neuropsychological performance and symptoms in HIV-infected individuals (ACTG 5097s).,HIV clinical trials,,1528-4336,10.1310/hct1006-343,N,Y,Y,N,N,Y,Y,N,N,Y,Y,N,N,Y,Y,N,N,Y,Y,N,N,Y,Y,N
2020,"John, Katharina; Janz, Baldur; Kiese, Ralf; Wassmann, Reiner; Zaitsev, Andrey S.; Wolters, Volkmar",Earthworms offset straw-induced increase of greenhouse gas emission in upland rice production.,The Science of the total environment,,1879-1026 0048-9697,10.1016/j.scitotenv.2019.136352,N,Y,Y,N,N,Y,Y,N,N,Y,Y,N,N,Y,Y,N,N,Y,Y,N,N,Y,Y,N
2020,"Mandelblatt, Jeanne S.; Zhai, Wanting; Ahn, Jaeil; Small, Brent J.; Ahles, Tim A.; Carroll, Judith E.; Denduluri, Neelima; Dilawari, Asma; Extermann, Martine; Graham, Deena; Hurria, Arti; Isaacs, Claudine; Jacobsen, Paul B.; Jim, Heather S. L.; Luta, George; McDonald, Brenna C.; Patel, Sunita K.; Root, James C.; Saykin, Andrew J.; Tometich, Danielle B.; Zhou, Xingtao; Cohen, Harvey J.",Symptom burden among older breast cancer survivors: The Thinking and Living With Cancer (TLC) study.,Cancer,,1097-0142 0008-543X,10.1002/cncr.32663,N,Y,Y,N,N,Y,Y,N,N,Y,Y,N,N,Y,Y,N,N,Y,Y,N,N,Y,Y,N
2014,"Whang, William; Peacock, James; Soliman, Elsayed Z.; Alcantara, Carmela; Nazarian, Saman; Shah, Amit J.; Davidson, Karina W.; Shea, Steven; Muntner, Paul; Shimbo, Daichi","Relations between depressive symptoms, anxiety, and T Wave abnormalities in subjects without clinically-apparent cardiovascular disease (from the  Multi-Ethnic Study of Atherosclerosis [MESA]).",The American journal of cardiology,,1879-1913 0002-9149,10.1016/j.amjcard.2014.09.034,N,Y,Y,N,N,Y,Y,N,N,Y,Y,N,N,Y,Y,N,N,Y,Y,N,N,Y,Y,Y
2013,"Wood, Timothy C.; Harvey, Katie; Beck, Michael; Burin, Maira Graeff; Chien, Yin-Hsiu; Church, Heather J.; D'Almeida, Vânia; van Diggelen, Otto P.; Fietz, Michael; Giugliani, Roberto; Harmatz, Paul; Hawley, Sara M.; Hwu, Wuh-Liang; Ketteridge, David; Lukacs, Zoltan; Miller, Nicole; Pasquali, Marzia; Schenone, Andrea; Thompson, Jerry N.; Tylee, Karen; Yu, Chunli; Hendriksz, Christian J.",Diagnosing mucopolysaccharidosis IVA.,Journal of inherited metabolic disease,,1573-2665 0141-8955,10.1007/s10545-013-9587-1,N,Y,Y,N,N,Y,Y,N,N,Y,Y,N,N,Y,Y,N,N,Y,Y,N,N,Y,Y,N
2024,"Chen, Yi-Chun; Chen, Hung-Hsiang; Lin, Han-Jia; Huang, Chih-Ching; Chen, Ku-Fan; Peng, Yen-Ping; Tsang, Yiu Fai; Chen, Yan-Hua; Lin, Kun-Yi Andrew; Lin, Chia-Hua",Hepatotoxicity evaluations of different surface charged carbon quantum dots in vivo and in vitro.,"Colloids and surfaces. B, Biointerfaces",,1873-4367 0927-7765,10.1016/j.colsurfb.2024.113760,N,Y,Y,N,N,Y,Y,N,N,Y,Y,N,N,Y,Y,N,N,Y,Y,N,N,Y,Y,N
2023,"Xia, Yang; Zhu, Bicheng; Li, Liuyi; Ho, Wingkei; Wu, Jinsong; Chen, Haoming; Yu, Jiaguo",Single-Atom Engineering of Covalent Organic Framework for Photocatalytic H(2) Production Coupled with Benzylamine Oxidation.,"Small (Weinheim an der Bergstrasse, Germany)",,1613-6829 1613-6810,10.1002/smll.202301928,N,Y,Y,UPON REQUEST,N,Y,Y,UPON REQUEST,N,Y,Y,N,N,Y,Y,UPON REQUEST,N,N,Y,Y,N,Y,Y,UPON REQUEST
2017,"Zhang, Jian; Chen, Kai; Pang, Yunlong; Naveed, Shahzad Amir; Zhao, Xiuqin; Wang, Xiaoqian; Wang, Yun; Dingkuhn, Michael; Pasuquin, Julie; Li, Zhikang; Xu, Jianlong",QTL mapping and candidate gene analysis of ferrous iron and zinc toxicity tolerance at seedling stage in rice by genome-wide association study.,BMC genomics,,1471-2164,10.1186/s12864-017-4221-5,N,Y,Y,N,N,Y,Y,Y,N,Y,Y,N,N,Y,Y,N,N,Y,Y,Y,N,Y,Y,Y
2012,"Hood, Korey K.; Lawrence, Jean M.; Anderson, Andrea; Bell, Ronny; Dabelea, Dana; Daniels, Stephen; Rodriguez, Beatriz; Dolan, Lawrence M.",Metabolic and inflammatory links to depression in youth with diabetes.,Diabetes care,,1935-5548 0149-5992,10.2337/dc11-2329,N,Y,Y,N,N,Y,Y,N,N,Y,Y,N,N,Y,Y,N,N,Y,Y,N,N,Y,Y,N
2024,"Shi, Nai; Zhu, Kang; Xie, Yun; Huan, Daoming; Hyodo, Junji; Yamazaki, Yoshihiro",Investigation of Water Impacts on Surface Properties and Performance of Air-Electrode in Reversible Protonic Ceramic Cells.,"Small (Weinheim an der Bergstrasse, Germany)",,1613-6829 1613-6810,10.1002/smll.202400501,N,Y,Y,UPON REQUEST,N,Y,Y,UPON REQUEST,N,Y,Y,UPON REQUEST ,N,Y,Y,UPON REQUEST,N,Y,Y,UPON REQUEST,N,Y,Y,UPON REQUEST
2021,"Williams, Dionna W.; Li, Yuliang; Dastgheyb, Raha; Fitzgerald, Kathryn C.; Maki, Pauline M.; Spence, Amanda B.; Gustafson, Deborah R.; Milam, Joel; Sharma, Anjali; Adimora, Adaora A.; Ofotokun, Igho; Fischl, Margaret A.; Konkle-Parker, Deborah; Weber, Kathleen M.; Xu, Yanxun; Rubin, Leah H.",Associations between Antiretroviral Drugs on Depressive Symptomatology in Homogenous Subgroups of Women with HIV.,Journal of neuroimmune pharmacology : the official journal of the Society on NeuroImmune Pharmacology,,1557-1904 1557-1890,10.1007/s11481-019-09899-2,N,Y,Y,N,N,Y,Y,N,N,Y,Y,N,N,Y,Y,N,N,Y,Y,N,N,Y,Y,N
2023,"Walsh, Hayley; Lee, Megan; Best, Talitha","The Association Between Vegan, Vegetarian, and Omnivore Diet Quality and Depressive Symptoms in Adults: A Cross-Sectional Study",,,,10.31234/osf.io/rhcpe,N,Y,Y,Y,N,Y,Y,Y,N,Y,Y,N,N,Y,Y,Y,N,Y,Y,Y,N,Y,Y,Y
2022,"Schräder, Julia; Habel, Ute; Jo, Han-Gue; Walter, Franziska; Wagels, Lisa",Threshold assessment for unconscious stimulus presentation using hierarchical drift diffusion models,,,,10.31234/osf.io/mscz5,N,Y,Y,Y,N,Y,Y,Y,N,Y,Y,Y,N,Y,Y,Y,N,Y,Y,Y,N,Y,Y,Y
2024,"Clement, Patricia; Beun, Soetkin; Arzanforoosh, Fatemehsadat; Castellaro, Marco; Debiasi, Giulia; Emblem, Kyrre E.; Fuster-Garcia, Elies; Grech-Sollars, Matthew; Kallehauge, Jesper Folsted; Lazen, Philipp; Nunes, Rita G.; Isik, Esin Ozturk; Pinto, Joana; Piskin, Senol; Robinson, Simon Daniel; Siugzdaite, Roma; Sollmann, Nico; Svensson, Siri Fløgstad; Warnert, Esther A. H.; Wiegers, Evita; Petr, Jan; Hangel, Gilbert",A guide to advanced MRI processing for clinical glioma research,,,,10.31234/osf.io/rh4md,N,Y,Y,N,N,Y,Y,N,N,Y,Y,N,N,Y,Y,N,N,Y,Y,Y,N,Y,Y,N
2020,"Gunten, Curtis D. Von; Bartholow, Bruce D.","Exploring power in response inhibition tasks using the bootstrap: The impact of number of participants, number of trials, effect magnitude, and study design",,,,10.31234/osf.io/eb4jd,N,Y,Y,N,N,Y,Y,N,N,Y,Y,N,N,Y,Y,N,N,Y,Y,N,N,Y,Y,N
2021,"Karch, Julian D.",Improving on Adjusted R-Squared,,,,10.31234/osf.io/v8dz5,N,Y,Y,N,N,Y,Y,Y,N,Y,Y,Y,N,Y,Y,Y,N,Y,Y,Y,N,Y,Y,Y
2022,"Ekstrom, Pierce D.",We're good people: Moral conviction as social identity,,,,10.31234/osf.io/dcunb,N,Y,Y,Y,N,Y,Y,N,N,Y,Y,Y,N,Y,Y,N,N,Y,Y,N,N,Y,Y,N
2021,"Karch, Julian D.",Psychologists Should Use Brunner-Munzel's Instead of Mann-Whitney's U test as the Default Nonparametric Procedure,,,,10.31234/osf.io/kgdwn,N,Y,Y,N,N,Y,Y,Y,N,Y,Y,Y,N,Y,Y,Y,N,Y,Y,Y,N,Y,Y,Y
2020,"Simons, Jack",School Counselor Advocacy for Transgender and Intersex Students,,,,10.31234/osf.io/tvak2,N,Y,Y,N,N,Y,Y,N,N,Y,Y,N,N,Y,Y,N,N,Y,Y,Y,N,Y,Y,N
2020,"Webster, Gregory D.",The Electoral College Exacerbates the RedBlue Divide and Disenfranchises Ethnic Minorities,,,,10.31234/osf.io/kxeg6,N,Y,Y,N,N,Y,Y,N,N,Y,Y,N,N,Y,Y,N,N,Y,Y,N,N,Y,Y,N
2021,"Pilditch, Toby",Why scientific evidence is no longer enough in public debate,,,,10.31234/osf.io/98v2n,N,Y,Y,N,N,N,Y,UPON REQUEST,N,Y,Y,N,N,Y,Y,Y,N,Y,Y,Y,N,N,,
2022,"Karch, Julian D.",Outliers May Not Be Automatically Removed,,,,10.31234/osf.io/47ezg,N,Y,Y,Y,N,Y,Y,N,N,Y,Y,Y,N,Y,Y,Y,N,Y,Y,Y,N,Y,Y,Y
2023,"Ceh, Simon M.; Benedek, Mathias",Where to share? A systematic investigation of creative behavior at online platforms. [accepted version available at https://doi.org/10.2478/ctra-2021-0008],,,,10.31234/osf.io/4q6nm,N,Y,Y,N,N,Y,Y,Y,N,Y,Y,Y,N,Y,Y,Y,N,Y,Y,Y,N,Y,Y,Y
2024,"Ceh, Simon M.; Benedek, Mathias",Reeling in Stories: An Investigation of Creative Behaviors and Creativity-Support on Instagram,,,,10.31234/osf.io/qfdvz,N,Y,Y,Y,N,Y,Y,Y,N,Y,Y,Y,N,Y,Y,Y,N,Y,Y,Y,N,Y,Y,Y
2021,"Haqiqatkhah, MH Manuel; Leeuwen, Cees van",Adaptive Rewiring in Non-Uniform Coupled Oscillators,,,,10.31234/osf.io/eagzd,N,Y,Y,Y,N,Y,Y,Y,N,Y,Y,N,N,Y,Y,Y,N,Y,Y,Y,N,Y,Y,Y
2021,"Cen, Danlu; Gkoumas, Christos; Gruber, Matthias",Anticipation of novel environments enhances memory for incidental information,,,,10.31234/osf.io/h69es,N,Y,Y,Y,N,Y,Y,N,N,Y,Y,Y,N,Y,Y,Y,N,Y,Y,Y,N,Y,Y,Y
2021,"Fallow, Kaitlyn; Lindsay, D. Stephen",Test Position Effects on Hit and False Alarm Rates in Recognition Memory for Paintings and Words,,,,10.31234/osf.io/qgrb6,N,Y,Y,Y,N,Y,Y,Y,N,Y,Y,Y,N,Y,Y,Y,N,Y,Y,Y,N,Y,Y,Y
2023,"Timmons, Shane; Lunn, Peter D.",Using information provision and interactive risk maps to motivate testing for radon,,,,10.31234/osf.io/f98hm,N,Y,Y,Y,N,Y,Y,N,N,Y,Y,Y,N,Y,Y,Y,N,Y,Y,Y,N,Y,Y,Y
2021,"Szewczyk, Jakub; Federmeier, Kara D.",Context-Based Facilitation of Semantic Access Follows Both Logarithmic and Linear Functions of Stimulus Probability,,,,10.31234/osf.io/rbych,N,Y,Y,Y,N,Y,Y,Y,N,Y,Y,Y,N,Y,Y,Y,N,Y,Y,Y,N,Y,Y,Y
2020,"Morey, Richard D.; Hoekstra, Rink",Use of significance test logic by scientists in a novel reasoning task,,,,10.31234/osf.io/sxj3r,N,Y,Y,Y,N,Y,Y,Y,N,Y,Y,Y,N,Y,Y,Y,N,Y,Y,Y,N,Y,Y,Y
2024,"Wöhner, Stefan; Jescheniak, Jörg D.",Semantic Interference in Blocked Picture Naming: Does It Become Cumulative with Large Local Response Sets?,,,,10.31234/osf.io/ra82e,N,Y,Y,Y,N,Y,Y,Y,N,Y,Y,Y,N,Y,Y,Y,N,Y,Y,Y,N,Y,Y,Y
2022,"Tibbe, Tristan D.; Montoya, Amanda",Correcting the Bias Correction for the Bootstrap Confidence Interval in Mediation Analysis,,,,10.31234/osf.io/pe4m2,N,Y,Y,Y,N,Y,Y,Y,N,Y,Y,Y,N,Y,Y,Y,N,Y,Y,Y,N,Y,Y,Y
2023,"Webster, Gregory D.; Zander, Lysann","Burning Out, Fading Away, and the Sophomore Slump: Critics versus Fans Ratings of Music Artists Album Quality over Time",,,,10.31234/osf.io/hceg8,N,Y,Y,Y,N,Y,Y,Y,N,Y,Y,Y,N,Y,Y,Y,N,Y,Y,Y,N,Y,Y,Y
2023,"Timmons, Shane; Lunn, Peter D.",v,,,,10.31234/osf.io/95gms,N,Y,Y,N,N,Y,Y,Y,N,Y,Y,Y,N,Y,Y,Y,N,Y,Y,Y,N,Y,Y,Y
